ip_src,ip_dst,proto,timestamp,mac_src,mac_dst,len,src_port,dst_port,device_src_name,device_dst_name
2.2.2.2,1.1.1.1,6,1629402529.491851,44:65:0d:82:e2:08,14:cc:20:51:33:ea,83.0,30.0,8.0,Falso_TV_Smart_Panasonic,Gateway
1.1.1.1,2.2.2.2,6,1629402529.492599,14:cc:20:51:33:ea,44:65:0d:82:e2:08,133.0,8.0,30.0,Gateway,Falso_TV_Smart_Panasonic
2.2.2.2,1.1.1.1,6,1629402529.715582,44:65:0d:82:e2:08,14:cc:20:51:33:ea,83.0,30.0,8.0,Falso_TV_Smart_Panasonic,Gateway
1.1.1.1,2.2.2.2,6,1629402529.716319,14:cc:20:51:33:ea,44:65:0d:82:e2:08,133.0,8.0,30.0,Gateway,Falso_TV_Smart_Panasonic
2.2.2.2,1.1.1.1,6,1629402529.983495,44:65:0d:82:e2:08,14:cc:20:51:33:ea,83.0,30.0,8.0,Falso_TV_Smart_Panasonic,Gateway
1.1.1.1,2.2.2.2,6,1629402529.984215,14:cc:20:51:33:ea,44:65:0d:82:e2:08,133.0,8.0,30.0,Gateway,Falso_TV_Smart_Panasonic
2.2.2.2,1.1.1.1,6,1629402530.215741,44:65:0d:82:e2:08,14:cc:20:51:33:ea,83.0,30.0,8.0,Falso_TV_Smart_Panasonic,Gateway
1.1.1.1,2.2.2.2,6,1629402530.21652,14:cc:20:51:33:ea,44:65:0d:82:e2:08,133.0,8.0,30.0,Gateway,Falso_TV_Smart_Panasonic
2.2.2.2,1.1.1.1,6,1629402530.439577,44:65:0d:82:e2:08,14:cc:20:51:33:ea,83.0,30.0,8.0,Falso_TV_Smart_Panasonic,Gateway
1.1.1.1,2.2.2.2,6,1629402530.44036,14:cc:20:51:33:ea,44:65:0d:82:e2:08,133.0,8.0,30.0,Gateway,Falso_TV_Smart_Panasonic
2.2.2.2,1.1.1.1,6,1629402530.651824,44:65:0d:82:e2:08,14:cc:20:51:33:ea,83.0,30.0,8.0,Falso_TV_Smart_Panasonic,Gateway
1.1.1.1,2.2.2.2,6,1629402530.652581,14:cc:20:51:33:ea,44:65:0d:82:e2:08,133.0,8.0,30.0,Gateway,Falso_TV_Smart_Panasonic
2.2.2.2,1.1.1.1,6,1629402530.891621,44:65:0d:82:e2:08,14:cc:20:51:33:ea,83.0,30.0,8.0,Falso_TV_Smart_Panasonic,Gateway
1.1.1.1,2.2.2.2,6,1629402530.892351,14:cc:20:51:33:ea,44:65:0d:82:e2:08,133.0,8.0,30.0,Gateway,Falso_TV_Smart_Panasonic
2.2.2.2,1.1.1.1,6,1629402531.125177,44:65:0d:82:e2:08,14:cc:20:51:33:ea,83.0,30.0,8.0,Falso_TV_Smart_Panasonic,Gateway
1.1.1.1,2.2.2.2,6,1629402531.12671,14:cc:20:51:33:ea,44:65:0d:82:e2:08,133.0,8.0,30.0,Gateway,Falso_TV_Smart_Panasonic
2.2.2.2,1.1.1.1,6,1629402531.371574,44:65:0d:82:e2:08,14:cc:20:51:33:ea,83.0,30.0,8.0,Falso_TV_Smart_Panasonic,Gateway
1.1.1.1,2.2.2.2,6,1629402531.372366,14:cc:20:51:33:ea,44:65:0d:82:e2:08,133.0,8.0,30.0,Gateway,Falso_TV_Smart_Panasonic
2.2.2.2,1.1.1.1,6,1629402531.638355,44:65:0d:82:e2:08,14:cc:20:51:33:ea,83.0,30.0,8.0,Falso_TV_Smart_Panasonic,Gateway
1.1.1.1,2.2.2.2,6,1629402531.641063,14:cc:20:51:33:ea,44:65:0d:82:e2:08,133.0,8.0,30.0,Gateway,Falso_TV_Smart_Panasonic
2.2.2.2,1.1.1.1,6,1629402531.903683,00:24:e4:b9:c7:52,14:cc:20:51:33:ea,83.0,30.0,8.0,Falso_TV_Smart_Panasonic,Gateway
1.1.1.1,2.2.2.2,6,1629402531.906453,14:cc:20:51:33:ea,00:24:e4:b9:c7:52,133.0,8.0,30.0,Gateway,Falso_TV_Smart_Panasonic
2.2.2.2,1.1.1.1,6,1629402532.159877,00:24:e4:b9:c7:52,14:cc:20:51:33:ea,83.0,30.0,8.0,Falso_TV_Smart_Panasonic,Gateway
1.1.1.1,2.2.2.2,6,1629402532.162615,14:cc:20:51:33:ea,00:24:e4:b9:c7:52,133.0,8.0,30.0,Gateway,Falso_TV_Smart_Panasonic
2.2.2.2,1.1.1.1,6,1629402532.389269,00:24:e4:b9:c7:52,14:cc:20:51:33:ea,83.0,30.0,8.0,Falso_TV_Smart_Panasonic,Gateway
1.1.1.1,2.2.2.2,6,1629402532.390884,14:cc:20:51:33:ea,00:24:e4:b9:c7:52,133.0,8.0,30.0,Gateway,Falso_TV_Smart_Panasonic
2.2.2.2,1.1.1.1,6,1629402532.639637,00:24:e4:b9:c7:52,14:cc:20:51:33:ea,83.0,30.0,8.0,Falso_TV_Smart_Panasonic,Gateway
1.1.1.1,2.2.2.2,6,1629402532.64039,14:cc:20:51:33:ea,00:24:e4:b9:c7:52,133.0,8.0,30.0,Gateway,Falso_TV_Smart_Panasonic
2.2.2.2,1.1.1.1,6,1629402532.847608,00:24:e4:b9:c7:52,14:cc:20:51:33:ea,83.0,30.0,8.0,Falso_TV_Smart_Panasonic,Gateway
1.1.1.1,2.2.2.2,6,1629402532.848388,14:cc:20:51:33:ea,00:24:e4:b9:c7:52,133.0,8.0,30.0,Gateway,Falso_TV_Smart_Panasonic
2.2.2.2,1.1.1.1,6,1629402533.112041,00:24:e4:b9:c7:52,14:cc:20:51:33:ea,83.0,30.0,8.0,Falso_TV_Smart_Panasonic,Gateway
1.1.1.1,2.2.2.2,6,1629402533.112845,14:cc:20:51:33:ea,00:24:e4:b9:c7:52,133.0,8.0,30.0,Gateway,Falso_TV_Smart_Panasonic
2.2.2.2,1.1.1.1,6,1629402533.336244,00:24:e4:b9:c7:52,14:cc:20:51:33:ea,83.0,30.0,8.0,Falso_TV_Smart_Panasonic,Gateway
1.1.1.1,2.2.2.2,6,1629402533.339974,14:cc:20:51:33:ea,00:24:e4:b9:c7:52,133.0,8.0,30.0,Gateway,Falso_TV_Smart_Panasonic
2.2.2.2,1.1.1.1,6,1629402533.574378,00:24:e4:b9:c7:52,14:cc:20:51:33:ea,83.0,30.0,8.0,Falso_TV_Smart_Panasonic,Gateway
1.1.1.1,2.2.2.2,6,1629402533.577021,14:cc:20:51:33:ea,00:24:e4:b9:c7:52,133.0,8.0,30.0,Gateway,Falso_TV_Smart_Panasonic
2.2.2.2,1.1.1.1,6,1629402533.823879,00:24:e4:b9:c7:52,14:cc:20:51:33:ea,83.0,30.0,8.0,Falso_TV_Smart_Panasonic,Gateway
1.1.1.1,2.2.2.2,6,1629402533.826757,14:cc:20:51:33:ea,00:24:e4:b9:c7:52,133.0,8.0,30.0,Gateway,Falso_TV_Smart_Panasonic
2.2.2.2,1.1.1.1,6,1629402534.059821,00:24:e4:b9:c7:52,14:cc:20:51:33:ea,83.0,30.0,8.0,Falso_TV_Smart_Panasonic,Gateway
1.1.1.1,2.2.2.2,6,1629402534.062544,14:cc:20:51:33:ea,00:24:e4:b9:c7:52,133.0,8.0,30.0,Gateway,Falso_TV_Smart_Panasonic
2.2.2.2,1.1.1.1,6,1629402534.31596,74:6a:89:6e:c7:95,14:cc:20:51:33:ea,83.0,27.0,14.0,Falso_Camera_de_Seguranca_Interna_1,Gateway
1.1.1.1,2.2.2.2,6,1629402534.320122,14:cc:20:51:33:ea,74:6a:89:6e:c7:95,133.0,14.0,27.0,Gateway,Falso_Camera_de_Seguranca_Interna_1
2.2.2.2,1.1.1.1,6,1629402534.575724,74:6a:89:6e:c7:95,14:cc:20:51:33:ea,83.0,27.0,14.0,Falso_Camera_de_Seguranca_Interna_1,Gateway
1.1.1.1,2.2.2.2,6,1629402534.576551,14:cc:20:51:33:ea,74:6a:89:6e:c7:95,133.0,14.0,27.0,Gateway,Falso_Camera_de_Seguranca_Interna_1
2.2.2.2,1.1.1.1,6,1629402534.810994,74:6a:89:6e:c7:95,14:cc:20:51:33:ea,83.0,27.0,14.0,Falso_Camera_de_Seguranca_Interna_1,Gateway
1.1.1.1,2.2.2.2,6,1629402534.81337,14:cc:20:51:33:ea,74:6a:89:6e:c7:95,133.0,14.0,27.0,Gateway,Falso_Camera_de_Seguranca_Interna_1
2.2.2.2,1.1.1.1,6,1629402535.053262,74:6a:89:6e:c7:95,14:cc:20:51:33:ea,83.0,27.0,14.0,Falso_Camera_de_Seguranca_Interna_1,Gateway
1.1.1.1,2.2.2.2,6,1629402535.054768,14:cc:20:51:33:ea,74:6a:89:6e:c7:95,133.0,14.0,27.0,Gateway,Falso_Camera_de_Seguranca_Interna_1
2.2.2.2,1.1.1.1,6,1629402535.312754,74:6a:89:6e:c7:95,14:cc:20:51:33:ea,83.0,27.0,14.0,Falso_Camera_de_Seguranca_Interna_1,Gateway
1.1.1.1,2.2.2.2,6,1629402535.315518,14:cc:20:51:33:ea,74:6a:89:6e:c7:95,133.0,14.0,27.0,Gateway,Falso_Camera_de_Seguranca_Interna_1
2.2.2.2,1.1.1.1,6,1629402535.559503,74:6a:89:6e:c7:95,14:cc:20:51:33:ea,83.0,27.0,14.0,Falso_Camera_de_Seguranca_Interna_1,Gateway
1.1.1.1,2.2.2.2,6,1629402535.560211,14:cc:20:51:33:ea,74:6a:89:6e:c7:95,133.0,14.0,27.0,Gateway,Falso_Camera_de_Seguranca_Interna_1
2.2.2.2,1.1.1.1,6,1629402535.783627,74:6a:89:6e:c7:95,14:cc:20:51:33:ea,83.0,27.0,14.0,Falso_Camera_de_Seguranca_Interna_1,Gateway
1.1.1.1,2.2.2.2,6,1629402535.78445,14:cc:20:51:33:ea,74:6a:89:6e:c7:95,133.0,14.0,27.0,Gateway,Falso_Camera_de_Seguranca_Interna_1
2.2.2.2,1.1.1.1,6,1629402536.019815,74:6a:89:6e:c7:95,14:cc:20:51:33:ea,83.0,27.0,14.0,Falso_Camera_de_Seguranca_Interna_1,Gateway
1.1.1.1,2.2.2.2,6,1629402536.022517,14:cc:20:51:33:ea,74:6a:89:6e:c7:95,133.0,14.0,27.0,Gateway,Falso_Camera_de_Seguranca_Interna_1
2.2.2.2,1.1.1.1,6,1629402536.271643,74:6a:89:6e:c7:95,14:cc:20:51:33:ea,83.0,27.0,14.0,Falso_Camera_de_Seguranca_Interna_1,Gateway
1.1.1.1,2.2.2.2,6,1629402536.272424,14:cc:20:51:33:ea,74:6a:89:6e:c7:95,133.0,14.0,27.0,Gateway,Falso_Camera_de_Seguranca_Interna_1
2.2.2.2,1.1.1.1,6,1629402536.487514,74:6a:89:6e:c7:95,14:cc:20:51:33:ea,83.0,27.0,14.0,Falso_Camera_de_Seguranca_Interna_1,Gateway
1.1.1.1,2.2.2.2,6,1629402536.488247,14:cc:20:51:33:ea,74:6a:89:6e:c7:95,133.0,14.0,27.0,Gateway,Falso_Camera_de_Seguranca_Interna_1
2.2.2.2,1.1.1.1,6,1629402536.70365,d0:73:d5:2a:00:f4,14:cc:20:51:33:ea,83.0,34.0,2.0,Falso_Smartphone_Motorola,Gateway
1.1.1.1,2.2.2.2,6,1629402536.704365,14:cc:20:51:33:ea,d0:73:d5:2a:00:f4,133.0,2.0,34.0,Gateway,Falso_Smartphone_Motorola
2.2.2.2,1.1.1.1,6,1629402536.916495,d0:73:d5:2a:00:f4,14:cc:20:51:33:ea,83.0,34.0,2.0,Falso_Smartphone_Motorola,Gateway
1.1.1.1,2.2.2.2,6,1629402536.917694,14:cc:20:51:33:ea,d0:73:d5:2a:00:f4,133.0,2.0,34.0,Gateway,Falso_Smartphone_Motorola
2.2.2.2,1.1.1.1,6,1629402537.131593,d0:73:d5:2a:00:f4,14:cc:20:51:33:ea,83.0,34.0,2.0,Falso_Smartphone_Motorola,Gateway
1.1.1.1,2.2.2.2,6,1629402537.132311,14:cc:20:51:33:ea,d0:73:d5:2a:00:f4,133.0,2.0,34.0,Gateway,Falso_Smartphone_Motorola
2.2.2.2,1.1.1.1,6,1629402537.364108,d0:73:d5:2a:00:f4,14:cc:20:51:33:ea,83.0,34.0,2.0,Falso_Smartphone_Motorola,Gateway
1.1.1.1,2.2.2.2,6,1629402537.366789,14:cc:20:51:33:ea,d0:73:d5:2a:00:f4,133.0,2.0,34.0,Gateway,Falso_Smartphone_Motorola
2.2.2.2,1.1.1.1,6,1629402537.619576,d0:73:d5:2a:00:f4,14:cc:20:51:33:ea,83.0,34.0,2.0,Falso_Smartphone_Motorola,Gateway
1.1.1.1,2.2.2.2,6,1629402537.622204,14:cc:20:51:33:ea,d0:73:d5:2a:00:f4,133.0,2.0,34.0,Gateway,Falso_Smartphone_Motorola
2.2.2.2,1.1.1.1,6,1629402537.871502,d0:73:d5:2a:00:f4,14:cc:20:51:33:ea,83.0,34.0,2.0,Falso_Smartphone_Motorola,Gateway
1.1.1.1,2.2.2.2,6,1629402537.874155,14:cc:20:51:33:ea,d0:73:d5:2a:00:f4,133.0,2.0,34.0,Gateway,Falso_Smartphone_Motorola
2.2.2.2,1.1.1.1,6,1629402538.09947,d0:73:d5:2a:00:f4,14:cc:20:51:33:ea,83.0,34.0,2.0,Falso_Smartphone_Motorola,Gateway
1.1.1.1,2.2.2.2,6,1629402538.100204,14:cc:20:51:33:ea,d0:73:d5:2a:00:f4,133.0,2.0,34.0,Gateway,Falso_Smartphone_Motorola
2.2.2.2,1.1.1.1,6,1629402538.307749,d0:73:d5:2a:00:f4,14:cc:20:51:33:ea,83.0,34.0,2.0,Falso_Smartphone_Motorola,Gateway
1.1.1.1,2.2.2.2,6,1629402538.31047,14:cc:20:51:33:ea,d0:73:d5:2a:00:f4,133.0,2.0,34.0,Gateway,Falso_Smartphone_Motorola
2.2.2.2,1.1.1.1,6,1629402538.539643,d0:73:d5:2a:00:f4,14:cc:20:51:33:ea,83.0,34.0,2.0,Falso_Smartphone_Motorola,Gateway
1.1.1.1,2.2.2.2,6,1629402538.540465,14:cc:20:51:33:ea,d0:73:d5:2a:00:f4,133.0,2.0,34.0,Gateway,Falso_Smartphone_Motorola
2.2.2.2,1.1.1.1,6,1629402538.759521,d0:73:d5:2a:00:f4,14:cc:20:51:33:ea,83.0,34.0,2.0,Falso_Smartphone_Motorola,Gateway
1.1.1.1,2.2.2.2,6,1629402538.760448,14:cc:20:51:33:ea,d0:73:d5:2a:00:f4,133.0,2.0,34.0,Gateway,Falso_Smartphone_Motorola
2.2.2.2,1.1.1.1,6,1629402538.991863,70:ee:50:55:de:51,14:cc:20:51:33:ea,83.0,14.0,27.0,Falso_Playstation_5,Gateway
1.1.1.1,2.2.2.2,6,1629402538.992746,14:cc:20:51:33:ea,70:ee:50:55:de:51,133.0,27.0,14.0,Gateway,Falso_Playstation_5
2.2.2.2,1.1.1.1,6,1629402539.207791,70:ee:50:55:de:51,14:cc:20:51:33:ea,83.0,14.0,27.0,Falso_Playstation_5,Gateway
1.1.1.1,2.2.2.2,6,1629402539.208511,14:cc:20:51:33:ea,70:ee:50:55:de:51,133.0,27.0,14.0,Gateway,Falso_Playstation_5
2.2.2.2,1.1.1.1,6,1629402539.449065,70:ee:50:55:de:51,14:cc:20:51:33:ea,83.0,14.0,27.0,Falso_Playstation_5,Gateway
1.1.1.1,2.2.2.2,6,1629402539.450556,14:cc:20:51:33:ea,70:ee:50:55:de:51,133.0,27.0,14.0,Gateway,Falso_Playstation_5
2.2.2.2,1.1.1.1,6,1629402539.683544,70:ee:50:55:de:51,14:cc:20:51:33:ea,83.0,14.0,27.0,Falso_Playstation_5,Gateway
1.1.1.1,2.2.2.2,6,1629402539.684321,14:cc:20:51:33:ea,70:ee:50:55:de:51,133.0,27.0,14.0,Gateway,Falso_Playstation_5
2.2.2.2,1.1.1.1,6,1629402539.899383,70:ee:50:55:de:51,14:cc:20:51:33:ea,83.0,14.0,27.0,Falso_Playstation_5,Gateway
1.1.1.1,2.2.2.2,6,1629402539.901844,14:cc:20:51:33:ea,70:ee:50:55:de:51,133.0,27.0,14.0,Gateway,Falso_Playstation_5
2.2.2.2,1.1.1.1,6,1629402540.143542,70:ee:50:55:de:51,14:cc:20:51:33:ea,83.0,14.0,27.0,Falso_Playstation_5,Gateway
1.1.1.1,2.2.2.2,6,1629402540.144253,14:cc:20:51:33:ea,70:ee:50:55:de:51,133.0,27.0,14.0,Gateway,Falso_Playstation_5
2.2.2.2,1.1.1.1,6,1629402540.372087,70:ee:50:55:de:51,14:cc:20:51:33:ea,83.0,14.0,27.0,Falso_Playstation_5,Gateway
1.1.1.1,2.2.2.2,6,1629402540.373069,14:cc:20:51:33:ea,70:ee:50:55:de:51,133.0,27.0,14.0,Gateway,Falso_Playstation_5
2.2.2.2,1.1.1.1,6,1629402540.61958,70:ee:50:55:de:51,14:cc:20:51:33:ea,83.0,14.0,27.0,Falso_Playstation_5,Gateway
1.1.1.1,2.2.2.2,6,1629402540.620313,14:cc:20:51:33:ea,70:ee:50:55:de:51,133.0,27.0,14.0,Gateway,Falso_Playstation_5
2.2.2.2,1.1.1.1,6,1629402540.8477,70:ee:50:55:de:51,14:cc:20:51:33:ea,83.0,14.0,27.0,Falso_Playstation_5,Gateway
1.1.1.1,2.2.2.2,6,1629402540.848535,14:cc:20:51:33:ea,70:ee:50:55:de:51,133.0,27.0,14.0,Gateway,Falso_Playstation_5
2.2.2.2,1.1.1.1,6,1629402541.098239,70:ee:50:55:de:51,14:cc:20:51:33:ea,83.0,14.0,27.0,Falso_Playstation_5,Gateway
1.1.1.1,2.2.2.2,6,1629402541.100279,14:cc:20:51:33:ea,70:ee:50:55:de:51,133.0,27.0,14.0,Gateway,Falso_Playstation_5
2.2.2.2,1.1.1.1,6,1629402541.339897,f4:f2:6d:30:8d:ec,14:cc:20:51:33:ea,83.0,16.0,15.0,Falso_Camera_de_Seguranca_Externa_2,Gateway
1.1.1.1,2.2.2.2,6,1629402541.340702,14:cc:20:51:33:ea,f4:f2:6d:30:8d:ec,133.0,15.0,16.0,Gateway,Falso_Camera_de_Seguranca_Externa_2
2.2.2.2,1.1.1.1,6,1629402541.551477,f4:f2:6d:30:8d:ec,14:cc:20:51:33:ea,83.0,16.0,15.0,Falso_Camera_de_Seguranca_Externa_2,Gateway
1.1.1.1,2.2.2.2,6,1629402541.552196,14:cc:20:51:33:ea,f4:f2:6d:30:8d:ec,133.0,15.0,16.0,Gateway,Falso_Camera_de_Seguranca_Externa_2
2.2.2.2,1.1.1.1,6,1629402541.744521,f4:f2:6d:30:8d:ec,14:cc:20:51:33:ea,83.0,16.0,15.0,Falso_Camera_de_Seguranca_Externa_2,Gateway
1.1.1.1,2.2.2.2,6,1629402541.745794,14:cc:20:51:33:ea,f4:f2:6d:30:8d:ec,133.0,15.0,16.0,Gateway,Falso_Camera_de_Seguranca_Externa_2
2.2.2.2,1.1.1.1,6,1629402541.971503,f4:f2:6d:30:8d:ec,14:cc:20:51:33:ea,83.0,16.0,15.0,Falso_Camera_de_Seguranca_Externa_2,Gateway
1.1.1.1,2.2.2.2,6,1629402541.972216,14:cc:20:51:33:ea,f4:f2:6d:30:8d:ec,133.0,15.0,16.0,Gateway,Falso_Camera_de_Seguranca_Externa_2
2.2.2.2,1.1.1.1,6,1629402542.207468,f4:f2:6d:30:8d:ec,14:cc:20:51:33:ea,83.0,16.0,15.0,Falso_Camera_de_Seguranca_Externa_2,Gateway
1.1.1.1,2.2.2.2,6,1629402542.210199,14:cc:20:51:33:ea,f4:f2:6d:30:8d:ec,133.0,15.0,16.0,Gateway,Falso_Camera_de_Seguranca_Externa_2
2.2.2.2,1.1.1.1,6,1629402542.431132,f4:f2:6d:30:8d:ec,14:cc:20:51:33:ea,83.0,16.0,15.0,Falso_Camera_de_Seguranca_Externa_2,Gateway
1.1.1.1,2.2.2.2,6,1629402542.433562,14:cc:20:51:33:ea,f4:f2:6d:30:8d:ec,133.0,15.0,16.0,Gateway,Falso_Camera_de_Seguranca_Externa_2
2.2.2.2,1.1.1.1,6,1629402542.643328,f4:f2:6d:30:8d:ec,14:cc:20:51:33:ea,83.0,16.0,15.0,Falso_Camera_de_Seguranca_Externa_2,Gateway
1.1.1.1,2.2.2.2,6,1629402542.645628,14:cc:20:51:33:ea,f4:f2:6d:30:8d:ec,133.0,15.0,16.0,Gateway,Falso_Camera_de_Seguranca_Externa_2
2.2.2.2,1.1.1.1,6,1629402542.906935,f4:f2:6d:30:8d:ec,14:cc:20:51:33:ea,83.0,16.0,15.0,Falso_Camera_de_Seguranca_Externa_2,Gateway
1.1.1.1,2.2.2.2,6,1629402542.909447,14:cc:20:51:33:ea,f4:f2:6d:30:8d:ec,133.0,15.0,16.0,Gateway,Falso_Camera_de_Seguranca_Externa_2
2.2.2.2,1.1.1.1,6,1629402543.143709,f4:f2:6d:30:8d:ec,14:cc:20:51:33:ea,83.0,16.0,15.0,Falso_Camera_de_Seguranca_Externa_2,Gateway
1.1.1.1,2.2.2.2,6,1629402543.144537,14:cc:20:51:33:ea,f4:f2:6d:30:8d:ec,133.0,15.0,16.0,Gateway,Falso_Camera_de_Seguranca_Externa_2
2.2.2.2,1.1.1.1,6,1629402543.38751,f4:f2:6d:30:8d:ec,14:cc:20:51:33:ea,83.0,16.0,15.0,Falso_Camera_de_Seguranca_Externa_2,Gateway
1.1.1.1,2.2.2.2,6,1629402543.388225,14:cc:20:51:33:ea,f4:f2:6d:30:8d:ec,133.0,15.0,16.0,Gateway,Falso_Camera_de_Seguranca_Externa_2
2.2.2.2,1.1.1.1,6,1629402543.583732,00:16:6c:f0:1b:f8,14:cc:20:51:33:ea,83.0,15.0,16.0,Falso_Camera_de_Seguranca_Externa_1,Gateway
1.1.1.1,2.2.2.2,6,1629402543.584469,14:cc:20:51:33:ea,00:16:6c:f0:1b:f8,133.0,16.0,15.0,Gateway,Falso_Camera_de_Seguranca_Externa_1
2.2.2.2,1.1.1.1,6,1629402543.788061,00:16:6c:f0:1b:f8,14:cc:20:51:33:ea,83.0,15.0,16.0,Falso_Camera_de_Seguranca_Externa_1,Gateway
1.1.1.1,2.2.2.2,6,1629402543.791188,14:cc:20:51:33:ea,00:16:6c:f0:1b:f8,133.0,16.0,15.0,Gateway,Falso_Camera_de_Seguranca_Externa_1
2.2.2.2,1.1.1.1,6,1629402544.027499,00:16:6c:f0:1b:f8,14:cc:20:51:33:ea,83.0,15.0,16.0,Falso_Camera_de_Seguranca_Externa_1,Gateway
1.1.1.1,2.2.2.2,6,1629402544.028228,14:cc:20:51:33:ea,00:16:6c:f0:1b:f8,133.0,16.0,15.0,Gateway,Falso_Camera_de_Seguranca_Externa_1
2.2.2.2,1.1.1.1,6,1629402544.27145,00:16:6c:f0:1b:f8,14:cc:20:51:33:ea,83.0,15.0,16.0,Falso_Camera_de_Seguranca_Externa_1,Gateway
1.1.1.1,2.2.2.2,6,1629402544.272155,14:cc:20:51:33:ea,00:16:6c:f0:1b:f8,133.0,16.0,15.0,Gateway,Falso_Camera_de_Seguranca_Externa_1
2.2.2.2,1.1.1.1,6,1629402544.487432,00:16:6c:f0:1b:f8,14:cc:20:51:33:ea,83.0,15.0,16.0,Falso_Camera_de_Seguranca_Externa_1,Gateway
1.1.1.1,2.2.2.2,6,1629402544.490203,14:cc:20:51:33:ea,00:16:6c:f0:1b:f8,133.0,16.0,15.0,Gateway,Falso_Camera_de_Seguranca_Externa_1
2.2.2.2,1.1.1.1,6,1629402544.727736,00:16:6c:f0:1b:f8,14:cc:20:51:33:ea,83.0,15.0,16.0,Falso_Camera_de_Seguranca_Externa_1,Gateway
1.1.1.1,2.2.2.2,6,1629402544.728467,14:cc:20:51:33:ea,00:16:6c:f0:1b:f8,133.0,16.0,15.0,Gateway,Falso_Camera_de_Seguranca_Externa_1
2.2.2.2,1.1.1.1,6,1629402544.933293,00:16:6c:f0:1b:f8,14:cc:20:51:33:ea,83.0,15.0,16.0,Falso_Camera_de_Seguranca_Externa_1,Gateway
1.1.1.1,2.2.2.2,6,1629402544.934994,14:cc:20:51:33:ea,00:16:6c:f0:1b:f8,133.0,16.0,15.0,Gateway,Falso_Camera_de_Seguranca_Externa_1
2.2.2.2,1.1.1.1,6,1629402545.171546,00:16:6c:f0:1b:f8,14:cc:20:51:33:ea,83.0,15.0,16.0,Falso_Camera_de_Seguranca_Externa_1,Gateway
1.1.1.1,2.2.2.2,6,1629402545.172269,14:cc:20:51:33:ea,00:16:6c:f0:1b:f8,133.0,16.0,15.0,Gateway,Falso_Camera_de_Seguranca_Externa_1
2.2.2.2,1.1.1.1,6,1629402545.391884,00:16:6c:f0:1b:f8,14:cc:20:51:33:ea,83.0,15.0,16.0,Falso_Camera_de_Seguranca_Externa_1,Gateway
1.1.1.1,2.2.2.2,6,1629402545.392619,14:cc:20:51:33:ea,00:16:6c:f0:1b:f8,133.0,16.0,15.0,Gateway,Falso_Camera_de_Seguranca_Externa_1
2.2.2.2,1.1.1.1,6,1629402545.636441,00:16:6c:f0:1b:f8,14:cc:20:51:33:ea,83.0,15.0,16.0,Falso_Camera_de_Seguranca_Externa_1,Gateway
1.1.1.1,2.2.2.2,6,1629402545.637621,14:cc:20:51:33:ea,00:16:6c:f0:1b:f8,133.0,16.0,15.0,Gateway,Falso_Camera_de_Seguranca_Externa_1
2.2.2.2,1.1.1.1,6,1629402545.872526,30:8c:fb:dd:ef:9a,14:cc:20:51:33:ea,83.0,8.0,30.0,Falso_Playstation_4,Gateway
1.1.1.1,2.2.2.2,6,1629402545.873332,14:cc:20:51:33:ea,30:8c:fb:dd:ef:9a,133.0,30.0,8.0,Gateway,Falso_Playstation_4
2.2.2.2,1.1.1.1,6,1629402546.107912,30:8c:fb:dd:ef:9a,14:cc:20:51:33:ea,83.0,8.0,30.0,Falso_Playstation_4,Gateway
1.1.1.1,2.2.2.2,6,1629402546.108675,14:cc:20:51:33:ea,30:8c:fb:dd:ef:9a,133.0,30.0,8.0,Gateway,Falso_Playstation_4
2.2.2.2,1.1.1.1,6,1629402546.319549,30:8c:fb:dd:ef:9a,14:cc:20:51:33:ea,83.0,8.0,30.0,Falso_Playstation_4,Gateway
1.1.1.1,2.2.2.2,6,1629402546.320257,14:cc:20:51:33:ea,30:8c:fb:dd:ef:9a,133.0,30.0,8.0,Gateway,Falso_Playstation_4
2.2.2.2,1.1.1.1,6,1629402546.562659,30:8c:fb:dd:ef:9a,14:cc:20:51:33:ea,83.0,8.0,30.0,Falso_Playstation_4,Gateway
1.1.1.1,2.2.2.2,6,1629402546.564736,14:cc:20:51:33:ea,30:8c:fb:dd:ef:9a,133.0,30.0,8.0,Gateway,Falso_Playstation_4
2.2.2.2,1.1.1.1,6,1629402546.791646,30:8c:fb:dd:ef:9a,14:cc:20:51:33:ea,83.0,8.0,30.0,Falso_Playstation_4,Gateway
1.1.1.1,2.2.2.2,6,1629402546.792383,14:cc:20:51:33:ea,30:8c:fb:dd:ef:9a,133.0,30.0,8.0,Gateway,Falso_Playstation_4
2.2.2.2,1.1.1.1,6,1629402546.992035,30:8c:fb:dd:ef:9a,14:cc:20:51:33:ea,83.0,8.0,30.0,Falso_Playstation_4,Gateway
1.1.1.1,2.2.2.2,6,1629402546.99509,14:cc:20:51:33:ea,30:8c:fb:dd:ef:9a,133.0,30.0,8.0,Gateway,Falso_Playstation_4
2.2.2.2,1.1.1.1,6,1629402547.231435,30:8c:fb:dd:ef:9a,14:cc:20:51:33:ea,83.0,8.0,30.0,Falso_Playstation_4,Gateway
1.1.1.1,2.2.2.2,6,1629402547.2341,14:cc:20:51:33:ea,30:8c:fb:dd:ef:9a,133.0,30.0,8.0,Gateway,Falso_Playstation_4
2.2.2.2,1.1.1.1,6,1629402547.455827,30:8c:fb:dd:ef:9a,14:cc:20:51:33:ea,83.0,8.0,30.0,Falso_Playstation_4,Gateway
1.1.1.1,2.2.2.2,6,1629402547.456577,14:cc:20:51:33:ea,30:8c:fb:dd:ef:9a,133.0,30.0,8.0,Gateway,Falso_Playstation_4
2.2.2.2,1.1.1.1,6,1629402547.718667,30:8c:fb:dd:ef:9a,14:cc:20:51:33:ea,83.0,8.0,30.0,Falso_Playstation_4,Gateway
1.1.1.1,2.2.2.2,6,1629402547.721066,14:cc:20:51:33:ea,30:8c:fb:dd:ef:9a,133.0,30.0,8.0,Gateway,Falso_Playstation_4
2.2.2.2,1.1.1.1,6,1629402547.960155,30:8c:fb:dd:ef:9a,14:cc:20:51:33:ea,83.0,8.0,30.0,Falso_Playstation_4,Gateway
1.1.1.1,2.2.2.2,6,1629402547.962926,14:cc:20:51:33:ea,30:8c:fb:dd:ef:9a,133.0,30.0,8.0,Gateway,Falso_Playstation_4
2.2.2.2,1.1.1.1,6,1629402548.223393,00:62:6e:9a:fc:43,14:cc:20:51:33:ea,83.0,27.0,14.0,Falso_Camera_de_Seguranca_Interna_1,Gateway
1.1.1.1,2.2.2.2,6,1629402548.226399,14:cc:20:51:33:ea,00:62:6e:9a:fc:43,133.0,14.0,27.0,Gateway,Falso_Camera_de_Seguranca_Interna_1
2.2.2.2,1.1.1.1,6,1629402548.483691,00:62:6e:9a:fc:43,14:cc:20:51:33:ea,83.0,27.0,14.0,Falso_Camera_de_Seguranca_Interna_1,Gateway
1.1.1.1,2.2.2.2,6,1629402548.484513,14:cc:20:51:33:ea,00:62:6e:9a:fc:43,133.0,14.0,27.0,Gateway,Falso_Camera_de_Seguranca_Interna_1
2.2.2.2,1.1.1.1,6,1629402548.743658,00:62:6e:9a:fc:43,14:cc:20:51:33:ea,83.0,27.0,14.0,Falso_Camera_de_Seguranca_Interna_1,Gateway
1.1.1.1,2.2.2.2,6,1629402548.744441,14:cc:20:51:33:ea,00:62:6e:9a:fc:43,133.0,14.0,27.0,Gateway,Falso_Camera_de_Seguranca_Interna_1
2.2.2.2,1.1.1.1,6,1629402548.97156,00:62:6e:9a:fc:43,14:cc:20:51:33:ea,83.0,27.0,14.0,Falso_Camera_de_Seguranca_Interna_1,Gateway
1.1.1.1,2.2.2.2,6,1629402548.974375,14:cc:20:51:33:ea,00:62:6e:9a:fc:43,133.0,14.0,27.0,Gateway,Falso_Camera_de_Seguranca_Interna_1
2.2.2.2,1.1.1.1,6,1629402549.207593,00:62:6e:9a:fc:43,14:cc:20:51:33:ea,83.0,27.0,14.0,Falso_Camera_de_Seguranca_Interna_1,Gateway
1.1.1.1,2.2.2.2,6,1629402549.210696,14:cc:20:51:33:ea,00:62:6e:9a:fc:43,133.0,14.0,27.0,Gateway,Falso_Camera_de_Seguranca_Interna_1
2.2.2.2,1.1.1.1,6,1629402549.496541,00:62:6e:9a:fc:43,14:cc:20:51:33:ea,83.0,27.0,14.0,Falso_Camera_de_Seguranca_Interna_1,Gateway
1.1.1.1,2.2.2.2,6,1629402549.497846,14:cc:20:51:33:ea,00:62:6e:9a:fc:43,133.0,14.0,27.0,Gateway,Falso_Camera_de_Seguranca_Interna_1
2.2.2.2,1.1.1.1,6,1629402549.74201,00:62:6e:9a:fc:43,14:cc:20:51:33:ea,83.0,27.0,14.0,Falso_Camera_de_Seguranca_Interna_1,Gateway
1.1.1.1,2.2.2.2,6,1629402549.74387,14:cc:20:51:33:ea,00:62:6e:9a:fc:43,133.0,14.0,27.0,Gateway,Falso_Camera_de_Seguranca_Interna_1
2.2.2.2,1.1.1.1,6,1629402549.975567,00:62:6e:9a:fc:43,14:cc:20:51:33:ea,83.0,27.0,14.0,Falso_Camera_de_Seguranca_Interna_1,Gateway
1.1.1.1,2.2.2.2,6,1629402549.976289,14:cc:20:51:33:ea,00:62:6e:9a:fc:43,133.0,14.0,27.0,Gateway,Falso_Camera_de_Seguranca_Interna_1
2.2.2.2,1.1.1.1,6,1629402550.19226,00:62:6e:9a:fc:43,14:cc:20:51:33:ea,83.0,27.0,14.0,Falso_Camera_de_Seguranca_Interna_1,Gateway
1.1.1.1,2.2.2.2,6,1629402550.193528,14:cc:20:51:33:ea,00:62:6e:9a:fc:43,133.0,14.0,27.0,Gateway,Falso_Camera_de_Seguranca_Interna_1
2.2.2.2,1.1.1.1,6,1629402550.399649,00:62:6e:9a:fc:43,14:cc:20:51:33:ea,83.0,27.0,14.0,Falso_Camera_de_Seguranca_Interna_1,Gateway
1.1.1.1,2.2.2.2,6,1629402550.400387,14:cc:20:51:33:ea,00:62:6e:9a:fc:43,133.0,14.0,27.0,Gateway,Falso_Camera_de_Seguranca_Interna_1
2.2.2.2,1.1.1.1,6,1629402550.599503,30:8c:fb:ed:86:2c,14:cc:20:51:33:ea,83.0,12.0,28.0,Falso_Xbox_Series_X,Gateway
1.1.1.1,2.2.2.2,6,1629402550.600208,14:cc:20:51:33:ea,30:8c:fb:ed:86:2c,133.0,28.0,12.0,Gateway,Falso_Xbox_Series_X
2.2.2.2,1.1.1.1,6,1629402550.826937,30:8c:fb:ed:86:2c,14:cc:20:51:33:ea,83.0,12.0,28.0,Falso_Xbox_Series_X,Gateway
1.1.1.1,2.2.2.2,6,1629402550.82937,14:cc:20:51:33:ea,30:8c:fb:ed:86:2c,133.0,28.0,12.0,Gateway,Falso_Xbox_Series_X
2.2.2.2,1.1.1.1,6,1629402551.058984,30:8c:fb:ed:86:2c,14:cc:20:51:33:ea,83.0,12.0,28.0,Falso_Xbox_Series_X,Gateway
1.1.1.1,2.2.2.2,6,1629402551.06146,14:cc:20:51:33:ea,30:8c:fb:ed:86:2c,133.0,28.0,12.0,Gateway,Falso_Xbox_Series_X
2.2.2.2,1.1.1.1,6,1629402551.284519,30:8c:fb:ed:86:2c,14:cc:20:51:33:ea,83.0,12.0,28.0,Falso_Xbox_Series_X,Gateway
1.1.1.1,2.2.2.2,6,1629402551.285691,14:cc:20:51:33:ea,30:8c:fb:ed:86:2c,133.0,28.0,12.0,Gateway,Falso_Xbox_Series_X
2.2.2.2,1.1.1.1,6,1629402551.517122,30:8c:fb:ed:86:2c,14:cc:20:51:33:ea,83.0,12.0,28.0,Falso_Xbox_Series_X,Gateway
1.1.1.1,2.2.2.2,6,1629402551.518638,14:cc:20:51:33:ea,30:8c:fb:ed:86:2c,133.0,28.0,12.0,Gateway,Falso_Xbox_Series_X
2.2.2.2,1.1.1.1,6,1629402551.74745,30:8c:fb:ed:86:2c,14:cc:20:51:33:ea,83.0,12.0,28.0,Falso_Xbox_Series_X,Gateway
1.1.1.1,2.2.2.2,6,1629402551.748137,14:cc:20:51:33:ea,30:8c:fb:ed:86:2c,133.0,28.0,12.0,Gateway,Falso_Xbox_Series_X
2.2.2.2,1.1.1.1,6,1629402551.978226,30:8c:fb:ed:86:2c,14:cc:20:51:33:ea,83.0,12.0,28.0,Falso_Xbox_Series_X,Gateway
1.1.1.1,2.2.2.2,6,1629402551.980201,14:cc:20:51:33:ea,30:8c:fb:ed:86:2c,133.0,28.0,12.0,Gateway,Falso_Xbox_Series_X
2.2.2.2,1.1.1.1,6,1629402552.211754,30:8c:fb:ed:86:2c,14:cc:20:51:33:ea,83.0,12.0,28.0,Falso_Xbox_Series_X,Gateway
1.1.1.1,2.2.2.2,6,1629402552.212467,14:cc:20:51:33:ea,30:8c:fb:ed:86:2c,133.0,28.0,12.0,Gateway,Falso_Xbox_Series_X
2.2.2.2,1.1.1.1,6,1629402552.412619,30:8c:fb:ed:86:2c,14:cc:20:51:33:ea,83.0,12.0,28.0,Falso_Xbox_Series_X,Gateway
1.1.1.1,2.2.2.2,6,1629402552.413796,14:cc:20:51:33:ea,30:8c:fb:ed:86:2c,133.0,28.0,12.0,Gateway,Falso_Xbox_Series_X
2.2.2.2,1.1.1.1,6,1629402552.65657,30:8c:fb:ed:86:2c,14:cc:20:51:33:ea,83.0,12.0,28.0,Falso_Xbox_Series_X,Gateway
1.1.1.1,2.2.2.2,6,1629402552.65872,14:cc:20:51:33:ea,30:8c:fb:ed:86:2c,133.0,28.0,12.0,Gateway,Falso_Xbox_Series_X
2.2.2.2,1.1.1.1,6,1629402552.883645,d0:52:a8:89:b1:9c,14:cc:20:51:33:ea,83.0,32.0,4.0,Falso_TV_Smart_LG,Gateway
1.1.1.1,2.2.2.2,6,1629402552.884407,14:cc:20:51:33:ea,d0:52:a8:89:b1:9c,133.0,4.0,32.0,Gateway,Falso_TV_Smart_LG
2.2.2.2,1.1.1.1,6,1629402553.112719,d0:52:a8:89:b1:9c,14:cc:20:51:33:ea,83.0,32.0,4.0,Falso_TV_Smart_LG,Gateway
1.1.1.1,2.2.2.2,6,1629402553.113903,14:cc:20:51:33:ea,d0:52:a8:89:b1:9c,133.0,4.0,32.0,Gateway,Falso_TV_Smart_LG
2.2.2.2,1.1.1.1,6,1629402553.359854,d0:52:a8:89:b1:9c,14:cc:20:51:33:ea,83.0,32.0,4.0,Falso_TV_Smart_LG,Gateway
1.1.1.1,2.2.2.2,6,1629402553.360757,14:cc:20:51:33:ea,d0:52:a8:89:b1:9c,133.0,4.0,32.0,Gateway,Falso_TV_Smart_LG
2.2.2.2,1.1.1.1,6,1629402553.595477,d0:52:a8:89:b1:9c,14:cc:20:51:33:ea,83.0,32.0,4.0,Falso_TV_Smart_LG,Gateway
1.1.1.1,2.2.2.2,6,1629402553.596183,14:cc:20:51:33:ea,d0:52:a8:89:b1:9c,133.0,4.0,32.0,Gateway,Falso_TV_Smart_LG
2.2.2.2,1.1.1.1,6,1629402553.799514,d0:52:a8:89:b1:9c,14:cc:20:51:33:ea,83.0,32.0,4.0,Falso_TV_Smart_LG,Gateway
1.1.1.1,2.2.2.2,6,1629402553.800231,14:cc:20:51:33:ea,d0:52:a8:89:b1:9c,133.0,4.0,32.0,Gateway,Falso_TV_Smart_LG
2.2.2.2,1.1.1.1,6,1629402553.995464,d0:52:a8:89:b1:9c,14:cc:20:51:33:ea,83.0,32.0,4.0,Falso_TV_Smart_LG,Gateway
1.1.1.1,2.2.2.2,6,1629402553.99616,14:cc:20:51:33:ea,d0:52:a8:89:b1:9c,133.0,4.0,32.0,Gateway,Falso_TV_Smart_LG
2.2.2.2,1.1.1.1,6,1629402554.239369,d0:52:a8:89:b1:9c,14:cc:20:51:33:ea,83.0,32.0,4.0,Falso_TV_Smart_LG,Gateway
1.1.1.1,2.2.2.2,6,1629402554.24202,14:cc:20:51:33:ea,d0:52:a8:89:b1:9c,133.0,4.0,32.0,Gateway,Falso_TV_Smart_LG
2.2.2.2,1.1.1.1,6,1629402554.479628,d0:52:a8:89:b1:9c,14:cc:20:51:33:ea,83.0,32.0,4.0,Falso_TV_Smart_LG,Gateway
1.1.1.1,2.2.2.2,6,1629402554.48042,14:cc:20:51:33:ea,d0:52:a8:89:b1:9c,133.0,4.0,32.0,Gateway,Falso_TV_Smart_LG
2.2.2.2,1.1.1.1,6,1629402554.725779,d0:52:a8:89:b1:9c,14:cc:20:51:33:ea,83.0,32.0,4.0,Falso_TV_Smart_LG,Gateway
1.1.1.1,2.2.2.2,6,1629402554.727319,14:cc:20:51:33:ea,d0:52:a8:89:b1:9c,133.0,4.0,32.0,Gateway,Falso_TV_Smart_LG
2.2.2.2,1.1.1.1,6,1629402554.959513,d0:52:a8:89:b1:9c,14:cc:20:51:33:ea,83.0,32.0,4.0,Falso_TV_Smart_LG,Gateway
1.1.1.1,2.2.2.2,6,1629402554.960229,14:cc:20:51:33:ea,d0:52:a8:89:b1:9c,133.0,4.0,32.0,Gateway,Falso_TV_Smart_LG
2.2.2.2,1.1.1.1,6,1629402555.182113,e8:ab:fa:d4:1e:30,14:cc:20:51:33:ea,83.0,3.0,33.0,Falso_Sensor_de_Temperatura,Gateway
1.1.1.1,2.2.2.2,6,1629402555.184225,14:cc:20:51:33:ea,e8:ab:fa:d4:1e:30,133.0,33.0,3.0,Gateway,Falso_Sensor_de_Temperatura
2.2.2.2,1.1.1.1,6,1629402555.415554,e8:ab:fa:d4:1e:30,14:cc:20:51:33:ea,83.0,3.0,33.0,Falso_Sensor_de_Temperatura,Gateway
1.1.1.1,2.2.2.2,6,1629402555.416267,14:cc:20:51:33:ea,e8:ab:fa:d4:1e:30,133.0,33.0,3.0,Gateway,Falso_Sensor_de_Temperatura
2.2.2.2,1.1.1.1,6,1629402555.649263,e8:ab:fa:d4:1e:30,14:cc:20:51:33:ea,83.0,3.0,33.0,Falso_Sensor_de_Temperatura,Gateway
1.1.1.1,2.2.2.2,6,1629402555.650829,14:cc:20:51:33:ea,e8:ab:fa:d4:1e:30,133.0,33.0,3.0,Gateway,Falso_Sensor_de_Temperatura
2.2.2.2,1.1.1.1,6,1629402555.928929,e8:ab:fa:d4:1e:30,14:cc:20:51:33:ea,83.0,3.0,33.0,Falso_Sensor_de_Temperatura,Gateway
1.1.1.1,2.2.2.2,6,1629402555.931672,14:cc:20:51:33:ea,e8:ab:fa:d4:1e:30,133.0,33.0,3.0,Gateway,Falso_Sensor_de_Temperatura
2.2.2.2,1.1.1.1,6,1629402556.191702,e8:ab:fa:d4:1e:30,14:cc:20:51:33:ea,83.0,3.0,33.0,Falso_Sensor_de_Temperatura,Gateway
1.1.1.1,2.2.2.2,6,1629402556.194369,14:cc:20:51:33:ea,e8:ab:fa:d4:1e:30,133.0,33.0,3.0,Gateway,Falso_Sensor_de_Temperatura
2.2.2.2,1.1.1.1,6,1629402556.420416,e8:ab:fa:d4:1e:30,14:cc:20:51:33:ea,83.0,3.0,33.0,Falso_Sensor_de_Temperatura,Gateway
1.1.1.1,2.2.2.2,6,1629402556.42158,14:cc:20:51:33:ea,e8:ab:fa:d4:1e:30,133.0,33.0,3.0,Gateway,Falso_Sensor_de_Temperatura
2.2.2.2,1.1.1.1,6,1629402556.665136,e8:ab:fa:d4:1e:30,14:cc:20:51:33:ea,83.0,3.0,33.0,Falso_Sensor_de_Temperatura,Gateway
1.1.1.1,2.2.2.2,6,1629402556.666659,14:cc:20:51:33:ea,e8:ab:fa:d4:1e:30,133.0,33.0,3.0,Gateway,Falso_Sensor_de_Temperatura
2.2.2.2,1.1.1.1,6,1629402556.907649,e8:ab:fa:d4:1e:30,14:cc:20:51:33:ea,83.0,3.0,33.0,Falso_Sensor_de_Temperatura,Gateway
1.1.1.1,2.2.2.2,6,1629402556.910481,14:cc:20:51:33:ea,e8:ab:fa:d4:1e:30,133.0,33.0,3.0,Gateway,Falso_Sensor_de_Temperatura
2.2.2.2,1.1.1.1,6,1629402557.151534,e8:ab:fa:d4:1e:30,14:cc:20:51:33:ea,83.0,3.0,33.0,Falso_Sensor_de_Temperatura,Gateway
1.1.1.1,2.2.2.2,6,1629402557.152315,14:cc:20:51:33:ea,e8:ab:fa:d4:1e:30,133.0,33.0,3.0,Gateway,Falso_Sensor_de_Temperatura
2.2.2.2,1.1.1.1,6,1629402557.383601,e8:ab:fa:d4:1e:30,14:cc:20:51:33:ea,83.0,3.0,33.0,Falso_Sensor_de_Temperatura,Gateway
1.1.1.1,2.2.2.2,6,1629402557.384311,14:cc:20:51:33:ea,e8:ab:fa:d4:1e:30,133.0,33.0,3.0,Gateway,Falso_Sensor_de_Temperatura
2.2.2.2,1.1.1.1,6,1629402557.624052,00:24:e4:8d:97:ce,14:cc:20:51:33:ea,83.0,12.0,28.0,Falso_Xbox_Series_X,Gateway
1.1.1.1,2.2.2.2,6,1629402557.624896,14:cc:20:51:33:ea,00:24:e4:8d:97:ce,133.0,28.0,12.0,Gateway,Falso_Xbox_Series_X
2.2.2.2,1.1.1.1,6,1629402557.892651,00:24:e4:8d:97:ce,14:cc:20:51:33:ea,83.0,12.0,28.0,Falso_Xbox_Series_X,Gateway
1.1.1.1,2.2.2.2,6,1629402557.893826,14:cc:20:51:33:ea,00:24:e4:8d:97:ce,133.0,28.0,12.0,Gateway,Falso_Xbox_Series_X
2.2.2.2,1.1.1.1,6,1629402558.12505,00:24:e4:8d:97:ce,14:cc:20:51:33:ea,83.0,12.0,28.0,Falso_Xbox_Series_X,Gateway
1.1.1.1,2.2.2.2,6,1629402558.126465,14:cc:20:51:33:ea,00:24:e4:8d:97:ce,133.0,28.0,12.0,Gateway,Falso_Xbox_Series_X
2.2.2.2,1.1.1.1,6,1629402558.37977,00:24:e4:8d:97:ce,14:cc:20:51:33:ea,83.0,12.0,28.0,Falso_Xbox_Series_X,Gateway
1.1.1.1,2.2.2.2,6,1629402558.382414,14:cc:20:51:33:ea,00:24:e4:8d:97:ce,133.0,28.0,12.0,Gateway,Falso_Xbox_Series_X
2.2.2.2,1.1.1.1,6,1629402558.623476,00:24:e4:8d:97:ce,14:cc:20:51:33:ea,83.0,12.0,28.0,Falso_Xbox_Series_X,Gateway
1.1.1.1,2.2.2.2,6,1629402558.624207,14:cc:20:51:33:ea,00:24:e4:8d:97:ce,133.0,28.0,12.0,Gateway,Falso_Xbox_Series_X
2.2.2.2,1.1.1.1,6,1629402558.80349,00:24:e4:8d:97:ce,14:cc:20:51:33:ea,83.0,12.0,28.0,Falso_Xbox_Series_X,Gateway
1.1.1.1,2.2.2.2,6,1629402558.804202,14:cc:20:51:33:ea,00:24:e4:8d:97:ce,133.0,28.0,12.0,Gateway,Falso_Xbox_Series_X
2.2.2.2,1.1.1.1,6,1629402558.991511,00:24:e4:8d:97:ce,14:cc:20:51:33:ea,83.0,12.0,28.0,Falso_Xbox_Series_X,Gateway
1.1.1.1,2.2.2.2,6,1629402558.992221,14:cc:20:51:33:ea,00:24:e4:8d:97:ce,133.0,28.0,12.0,Gateway,Falso_Xbox_Series_X
2.2.2.2,1.1.1.1,6,1629402559.227642,00:24:e4:8d:97:ce,14:cc:20:51:33:ea,83.0,12.0,28.0,Falso_Xbox_Series_X,Gateway
1.1.1.1,2.2.2.2,6,1629402559.228333,14:cc:20:51:33:ea,00:24:e4:8d:97:ce,133.0,28.0,12.0,Gateway,Falso_Xbox_Series_X
2.2.2.2,1.1.1.1,6,1629402559.459663,00:24:e4:8d:97:ce,14:cc:20:51:33:ea,83.0,12.0,28.0,Falso_Xbox_Series_X,Gateway
1.1.1.1,2.2.2.2,6,1629402559.460374,14:cc:20:51:33:ea,00:24:e4:8d:97:ce,133.0,28.0,12.0,Gateway,Falso_Xbox_Series_X
2.2.2.2,1.1.1.1,6,1629402559.673202,00:24:e4:8d:97:ce,14:cc:20:51:33:ea,83.0,12.0,28.0,Falso_Xbox_Series_X,Gateway
1.1.1.1,2.2.2.2,6,1629402559.674778,14:cc:20:51:33:ea,00:24:e4:8d:97:ce,133.0,28.0,12.0,Gateway,Falso_Xbox_Series_X
2.2.2.2,1.1.1.1,6,1629402559.911457,14:cc:20:fe:e3:e4,14:cc:20:51:33:ea,83.0,16.0,15.0,Falso_Camera_de_Seguranca_Externa_2,Gateway
1.1.1.1,2.2.2.2,6,1629402559.914081,14:cc:20:51:33:ea,14:cc:20:fe:e3:e4,133.0,15.0,16.0,Gateway,Falso_Camera_de_Seguranca_Externa_2
2.2.2.2,1.1.1.1,6,1629402560.143789,14:cc:20:fe:e3:e4,14:cc:20:51:33:ea,83.0,16.0,15.0,Falso_Camera_de_Seguranca_Externa_2,Gateway
1.1.1.1,2.2.2.2,6,1629402560.14466,14:cc:20:51:33:ea,14:cc:20:fe:e3:e4,133.0,15.0,16.0,Gateway,Falso_Camera_de_Seguranca_Externa_2
2.2.2.2,1.1.1.1,6,1629402560.382269,14:cc:20:fe:e3:e4,14:cc:20:51:33:ea,83.0,16.0,15.0,Falso_Camera_de_Seguranca_Externa_2,Gateway
1.1.1.1,2.2.2.2,6,1629402560.384363,14:cc:20:51:33:ea,14:cc:20:fe:e3:e4,133.0,15.0,16.0,Gateway,Falso_Camera_de_Seguranca_Externa_2
2.2.2.2,1.1.1.1,6,1629402560.61542,14:cc:20:fe:e3:e4,14:cc:20:51:33:ea,83.0,16.0,15.0,Falso_Camera_de_Seguranca_Externa_2,Gateway
1.1.1.1,2.2.2.2,6,1629402560.61611,14:cc:20:51:33:ea,14:cc:20:fe:e3:e4,133.0,15.0,16.0,Gateway,Falso_Camera_de_Seguranca_Externa_2
2.2.2.2,1.1.1.1,6,1629402560.807896,14:cc:20:fe:e3:e4,14:cc:20:51:33:ea,83.0,16.0,15.0,Falso_Camera_de_Seguranca_Externa_2,Gateway
1.1.1.1,2.2.2.2,6,1629402560.808639,14:cc:20:51:33:ea,14:cc:20:fe:e3:e4,133.0,15.0,16.0,Gateway,Falso_Camera_de_Seguranca_Externa_2
2.2.2.2,1.1.1.1,6,1629402561.027772,14:cc:20:fe:e3:e4,14:cc:20:51:33:ea,83.0,16.0,15.0,Falso_Camera_de_Seguranca_Externa_2,Gateway
1.1.1.1,2.2.2.2,6,1629402561.030442,14:cc:20:51:33:ea,14:cc:20:fe:e3:e4,133.0,15.0,16.0,Gateway,Falso_Camera_de_Seguranca_Externa_2
2.2.2.2,1.1.1.1,6,1629402561.267451,14:cc:20:fe:e3:e4,14:cc:20:51:33:ea,83.0,16.0,15.0,Falso_Camera_de_Seguranca_Externa_2,Gateway
1.1.1.1,2.2.2.2,6,1629402561.270127,14:cc:20:51:33:ea,14:cc:20:fe:e3:e4,133.0,15.0,16.0,Gateway,Falso_Camera_de_Seguranca_Externa_2
2.2.2.2,1.1.1.1,6,1629402561.543841,14:cc:20:fe:e3:e4,14:cc:20:51:33:ea,83.0,16.0,15.0,Falso_Camera_de_Seguranca_Externa_2,Gateway
1.1.1.1,2.2.2.2,6,1629402561.546508,14:cc:20:51:33:ea,14:cc:20:fe:e3:e4,133.0,15.0,16.0,Gateway,Falso_Camera_de_Seguranca_Externa_2
2.2.2.2,1.1.1.1,6,1629402561.783678,14:cc:20:fe:e3:e4,14:cc:20:51:33:ea,83.0,16.0,15.0,Falso_Camera_de_Seguranca_Externa_2,Gateway
1.1.1.1,2.2.2.2,6,1629402561.784396,14:cc:20:51:33:ea,14:cc:20:fe:e3:e4,133.0,15.0,16.0,Gateway,Falso_Camera_de_Seguranca_Externa_2
2.2.2.2,1.1.1.1,6,1629402562.03855,14:cc:20:fe:e3:e4,14:cc:20:51:33:ea,83.0,16.0,15.0,Falso_Camera_de_Seguranca_Externa_2,Gateway
1.1.1.1,2.2.2.2,6,1629402562.041285,14:cc:20:51:33:ea,14:cc:20:fe:e3:e4,133.0,15.0,16.0,Gateway,Falso_Camera_de_Seguranca_Externa_2
2.2.2.2,1.1.1.1,6,1629402562.277135,74:c6:3b:78:71:e6,14:cc:20:51:33:ea,83.0,30.0,8.0,Falso_TV_Smart_Panasonic,Gateway
1.1.1.1,2.2.2.2,6,1629402562.278624,14:cc:20:51:33:ea,74:c6:3b:78:71:e6,133.0,8.0,30.0,Gateway,Falso_TV_Smart_Panasonic
2.2.2.2,1.1.1.1,6,1629402562.503528,74:c6:3b:78:71:e6,14:cc:20:51:33:ea,83.0,30.0,8.0,Falso_TV_Smart_Panasonic,Gateway
1.1.1.1,2.2.2.2,6,1629402562.50426,14:cc:20:51:33:ea,74:c6:3b:78:71:e6,133.0,8.0,30.0,Gateway,Falso_TV_Smart_Panasonic
2.2.2.2,1.1.1.1,6,1629402562.687476,74:c6:3b:78:71:e6,14:cc:20:51:33:ea,83.0,30.0,8.0,Falso_TV_Smart_Panasonic,Gateway
1.1.1.1,2.2.2.2,6,1629402562.68819,14:cc:20:51:33:ea,74:c6:3b:78:71:e6,133.0,8.0,30.0,Gateway,Falso_TV_Smart_Panasonic
2.2.2.2,1.1.1.1,6,1629402562.879507,74:c6:3b:78:71:e6,14:cc:20:51:33:ea,83.0,30.0,8.0,Falso_TV_Smart_Panasonic,Gateway
1.1.1.1,2.2.2.2,6,1629402562.88022,14:cc:20:51:33:ea,74:c6:3b:78:71:e6,133.0,8.0,30.0,Gateway,Falso_TV_Smart_Panasonic
2.2.2.2,1.1.1.1,6,1629402563.087617,74:c6:3b:78:71:e6,14:cc:20:51:33:ea,83.0,30.0,8.0,Falso_TV_Smart_Panasonic,Gateway
1.1.1.1,2.2.2.2,6,1629402563.088379,14:cc:20:51:33:ea,74:c6:3b:78:71:e6,133.0,8.0,30.0,Gateway,Falso_TV_Smart_Panasonic
2.2.2.2,1.1.1.1,6,1629402563.351015,74:c6:3b:78:71:e6,14:cc:20:51:33:ea,83.0,30.0,8.0,Falso_TV_Smart_Panasonic,Gateway
1.1.1.1,2.2.2.2,6,1629402563.35343,14:cc:20:51:33:ea,74:c6:3b:78:71:e6,133.0,8.0,30.0,Gateway,Falso_TV_Smart_Panasonic
2.2.2.2,1.1.1.1,6,1629402563.587513,74:c6:3b:78:71:e6,14:cc:20:51:33:ea,83.0,30.0,8.0,Falso_TV_Smart_Panasonic,Gateway
1.1.1.1,2.2.2.2,6,1629402563.588225,14:cc:20:51:33:ea,74:c6:3b:78:71:e6,133.0,8.0,30.0,Gateway,Falso_TV_Smart_Panasonic
2.2.2.2,1.1.1.1,6,1629402563.818464,74:c6:3b:78:71:e6,14:cc:20:51:33:ea,83.0,30.0,8.0,Falso_TV_Smart_Panasonic,Gateway
1.1.1.1,2.2.2.2,6,1629402563.820464,14:cc:20:51:33:ea,74:c6:3b:78:71:e6,133.0,8.0,30.0,Gateway,Falso_TV_Smart_Panasonic
2.2.2.2,1.1.1.1,6,1629402564.063637,74:c6:3b:78:71:e6,14:cc:20:51:33:ea,83.0,30.0,8.0,Falso_TV_Smart_Panasonic,Gateway
1.1.1.1,2.2.2.2,6,1629402564.064486,14:cc:20:51:33:ea,74:c6:3b:78:71:e6,133.0,8.0,30.0,Gateway,Falso_TV_Smart_Panasonic
2.2.2.2,1.1.1.1,6,1629402564.328623,74:c6:3b:78:71:e6,14:cc:20:51:33:ea,83.0,30.0,8.0,Falso_TV_Smart_Panasonic,Gateway
1.1.1.1,2.2.2.2,6,1629402564.329741,14:cc:20:51:33:ea,74:c6:3b:78:71:e6,133.0,8.0,30.0,Gateway,Falso_TV_Smart_Panasonic
2.2.2.2,1.1.1.1,6,1629402564.567582,74:2f:68:e1:7f:f8,14:cc:20:51:33:ea,83.0,16.0,15.0,Falso_Camera_de_Seguranca_Externa_2,Gateway
1.1.1.1,2.2.2.2,6,1629402564.56829,14:cc:20:51:33:ea,74:2f:68:e1:7f:f8,133.0,15.0,16.0,Gateway,Falso_Camera_de_Seguranca_Externa_2
2.2.2.2,1.1.1.1,6,1629402564.783654,74:2f:68:e1:7f:f8,14:cc:20:51:33:ea,83.0,16.0,15.0,Falso_Camera_de_Seguranca_Externa_2,Gateway
1.1.1.1,2.2.2.2,6,1629402564.786435,14:cc:20:51:33:ea,74:2f:68:e1:7f:f8,133.0,15.0,16.0,Gateway,Falso_Camera_de_Seguranca_Externa_2
2.2.2.2,1.1.1.1,6,1629402565.024107,74:2f:68:e1:7f:f8,14:cc:20:51:33:ea,83.0,16.0,15.0,Falso_Camera_de_Seguranca_Externa_2,Gateway
1.1.1.1,2.2.2.2,6,1629402565.024995,14:cc:20:51:33:ea,74:2f:68:e1:7f:f8,133.0,15.0,16.0,Gateway,Falso_Camera_de_Seguranca_Externa_2
2.2.2.2,1.1.1.1,6,1629402565.273209,74:2f:68:e1:7f:f8,14:cc:20:51:33:ea,83.0,16.0,15.0,Falso_Camera_de_Seguranca_Externa_2,Gateway
1.1.1.1,2.2.2.2,6,1629402565.274842,14:cc:20:51:33:ea,74:2f:68:e1:7f:f8,133.0,15.0,16.0,Gateway,Falso_Camera_de_Seguranca_Externa_2
2.2.2.2,1.1.1.1,6,1629402565.511494,74:2f:68:e1:7f:f8,14:cc:20:51:33:ea,83.0,16.0,15.0,Falso_Camera_de_Seguranca_Externa_2,Gateway
1.1.1.1,2.2.2.2,6,1629402565.512201,14:cc:20:51:33:ea,74:2f:68:e1:7f:f8,133.0,15.0,16.0,Gateway,Falso_Camera_de_Seguranca_Externa_2
2.2.2.2,1.1.1.1,6,1629402565.766644,74:2f:68:e1:7f:f8,14:cc:20:51:33:ea,83.0,16.0,15.0,Falso_Camera_de_Seguranca_Externa_2,Gateway
1.1.1.1,2.2.2.2,6,1629402565.768942,14:cc:20:51:33:ea,74:2f:68:e1:7f:f8,133.0,15.0,16.0,Gateway,Falso_Camera_de_Seguranca_Externa_2
2.2.2.2,1.1.1.1,6,1629402566.011661,74:2f:68:e1:7f:f8,14:cc:20:51:33:ea,83.0,16.0,15.0,Falso_Camera_de_Seguranca_Externa_2,Gateway
1.1.1.1,2.2.2.2,6,1629402566.012472,14:cc:20:51:33:ea,74:2f:68:e1:7f:f8,133.0,15.0,16.0,Gateway,Falso_Camera_de_Seguranca_Externa_2
2.2.2.2,1.1.1.1,6,1629402566.255506,74:2f:68:e1:7f:f8,14:cc:20:51:33:ea,83.0,16.0,15.0,Falso_Camera_de_Seguranca_Externa_2,Gateway
1.1.1.1,2.2.2.2,6,1629402566.256218,14:cc:20:51:33:ea,74:2f:68:e1:7f:f8,133.0,15.0,16.0,Gateway,Falso_Camera_de_Seguranca_Externa_2
2.2.2.2,1.1.1.1,6,1629402566.451481,74:2f:68:e1:7f:f8,14:cc:20:51:33:ea,83.0,16.0,15.0,Falso_Camera_de_Seguranca_Externa_2,Gateway
1.1.1.1,2.2.2.2,6,1629402566.452188,14:cc:20:51:33:ea,74:2f:68:e1:7f:f8,133.0,15.0,16.0,Gateway,Falso_Camera_de_Seguranca_Externa_2
2.2.2.2,1.1.1.1,6,1629402566.651545,74:2f:68:e1:7f:f8,14:cc:20:51:33:ea,83.0,16.0,15.0,Falso_Camera_de_Seguranca_Externa_2,Gateway
1.1.1.1,2.2.2.2,6,1629402566.65424,14:cc:20:51:33:ea,74:2f:68:e1:7f:f8,133.0,15.0,16.0,Gateway,Falso_Camera_de_Seguranca_Externa_2
2.2.2.2,1.1.1.1,6,1629402566.930869,ac:bc:32:e8:7d:68,14:cc:20:51:33:ea,83.0,10.0,29.0,Falso_Xbox_Series_S,Gateway
1.1.1.1,2.2.2.2,6,1629402566.932992,14:cc:20:51:33:ea,ac:bc:32:e8:7d:68,133.0,29.0,10.0,Gateway,Falso_Xbox_Series_S
2.2.2.2,1.1.1.1,6,1629402567.15553,ac:bc:32:e8:7d:68,14:cc:20:51:33:ea,83.0,10.0,29.0,Falso_Xbox_Series_S,Gateway
1.1.1.1,2.2.2.2,6,1629402567.156307,14:cc:20:51:33:ea,ac:bc:32:e8:7d:68,133.0,29.0,10.0,Gateway,Falso_Xbox_Series_S
2.2.2.2,1.1.1.1,6,1629402567.40381,ac:bc:32:e8:7d:68,14:cc:20:51:33:ea,83.0,10.0,29.0,Falso_Xbox_Series_S,Gateway
1.1.1.1,2.2.2.2,6,1629402567.406474,14:cc:20:51:33:ea,ac:bc:32:e8:7d:68,133.0,29.0,10.0,Gateway,Falso_Xbox_Series_S
2.2.2.2,1.1.1.1,6,1629402567.654834,ac:bc:32:e8:7d:68,14:cc:20:51:33:ea,83.0,10.0,29.0,Falso_Xbox_Series_S,Gateway
1.1.1.1,2.2.2.2,6,1629402567.65683,14:cc:20:51:33:ea,ac:bc:32:e8:7d:68,133.0,29.0,10.0,Gateway,Falso_Xbox_Series_S
2.2.2.2,1.1.1.1,6,1629402567.904596,ac:bc:32:e8:7d:68,14:cc:20:51:33:ea,83.0,10.0,29.0,Falso_Xbox_Series_S,Gateway
1.1.1.1,2.2.2.2,6,1629402567.905759,14:cc:20:51:33:ea,ac:bc:32:e8:7d:68,133.0,29.0,10.0,Gateway,Falso_Xbox_Series_S
2.2.2.2,1.1.1.1,6,1629402568.112765,ac:bc:32:e8:7d:68,14:cc:20:51:33:ea,83.0,10.0,29.0,Falso_Xbox_Series_S,Gateway
1.1.1.1,2.2.2.2,6,1629402568.114084,14:cc:20:51:33:ea,ac:bc:32:e8:7d:68,133.0,29.0,10.0,Gateway,Falso_Xbox_Series_S
2.2.2.2,1.1.1.1,6,1629402568.34759,ac:bc:32:e8:7d:68,14:cc:20:51:33:ea,83.0,10.0,29.0,Falso_Xbox_Series_S,Gateway
1.1.1.1,2.2.2.2,6,1629402568.348359,14:cc:20:51:33:ea,ac:bc:32:e8:7d:68,133.0,29.0,10.0,Gateway,Falso_Xbox_Series_S
2.2.2.2,1.1.1.1,6,1629402568.608243,ac:bc:32:e8:7d:68,14:cc:20:51:33:ea,83.0,10.0,29.0,Falso_Xbox_Series_S,Gateway
1.1.1.1,2.2.2.2,6,1629402568.609148,14:cc:20:51:33:ea,ac:bc:32:e8:7d:68,133.0,29.0,10.0,Gateway,Falso_Xbox_Series_S
2.2.2.2,1.1.1.1,6,1629402568.880453,ac:bc:32:e8:7d:68,14:cc:20:51:33:ea,83.0,10.0,29.0,Falso_Xbox_Series_S,Gateway
1.1.1.1,2.2.2.2,6,1629402568.883343,14:cc:20:51:33:ea,ac:bc:32:e8:7d:68,133.0,29.0,10.0,Gateway,Falso_Xbox_Series_S
2.2.2.2,1.1.1.1,6,1629402569.121156,ac:bc:32:e8:7d:68,14:cc:20:51:33:ea,83.0,10.0,29.0,Falso_Xbox_Series_S,Gateway
1.1.1.1,2.2.2.2,6,1629402569.122707,14:cc:20:51:33:ea,ac:bc:32:e8:7d:68,133.0,29.0,10.0,Gateway,Falso_Xbox_Series_S
2.2.2.2,1.1.1.1,6,1629402569.370263,f4:5c:89:8c:0d:81,14:cc:20:51:33:ea,83.0,10.0,29.0,Falso_Xbox_Series_S,Gateway
1.1.1.1,2.2.2.2,6,1629402569.372313,14:cc:20:51:33:ea,f4:5c:89:8c:0d:81,133.0,29.0,10.0,Gateway,Falso_Xbox_Series_S
2.2.2.2,1.1.1.1,6,1629402569.607887,f4:5c:89:8c:0d:81,14:cc:20:51:33:ea,83.0,10.0,29.0,Falso_Xbox_Series_S,Gateway
1.1.1.1,2.2.2.2,6,1629402569.608708,14:cc:20:51:33:ea,f4:5c:89:8c:0d:81,133.0,29.0,10.0,Gateway,Falso_Xbox_Series_S
2.2.2.2,1.1.1.1,6,1629402569.860286,f4:5c:89:8c:0d:81,14:cc:20:51:33:ea,83.0,10.0,29.0,Falso_Xbox_Series_S,Gateway
1.1.1.1,2.2.2.2,6,1629402569.861907,14:cc:20:51:33:ea,f4:5c:89:8c:0d:81,133.0,29.0,10.0,Gateway,Falso_Xbox_Series_S
2.2.2.2,1.1.1.1,6,1629402570.087511,f4:5c:89:8c:0d:81,14:cc:20:51:33:ea,83.0,10.0,29.0,Falso_Xbox_Series_S,Gateway
1.1.1.1,2.2.2.2,6,1629402570.088218,14:cc:20:51:33:ea,f4:5c:89:8c:0d:81,133.0,29.0,10.0,Gateway,Falso_Xbox_Series_S
2.2.2.2,1.1.1.1,6,1629402570.324044,f4:5c:89:8c:0d:81,14:cc:20:51:33:ea,83.0,10.0,29.0,Falso_Xbox_Series_S,Gateway
1.1.1.1,2.2.2.2,6,1629402570.32483,14:cc:20:51:33:ea,f4:5c:89:8c:0d:81,133.0,29.0,10.0,Gateway,Falso_Xbox_Series_S
2.2.2.2,1.1.1.1,6,1629402570.540072,f4:5c:89:8c:0d:81,14:cc:20:51:33:ea,83.0,10.0,29.0,Falso_Xbox_Series_S,Gateway
1.1.1.1,2.2.2.2,6,1629402570.540857,14:cc:20:51:33:ea,f4:5c:89:8c:0d:81,133.0,29.0,10.0,Gateway,Falso_Xbox_Series_S
2.2.2.2,1.1.1.1,6,1629402570.732376,f4:5c:89:8c:0d:81,14:cc:20:51:33:ea,83.0,10.0,29.0,Falso_Xbox_Series_S,Gateway
1.1.1.1,2.2.2.2,6,1629402570.733489,14:cc:20:51:33:ea,f4:5c:89:8c:0d:81,133.0,29.0,10.0,Gateway,Falso_Xbox_Series_S
2.2.2.2,1.1.1.1,6,1629402570.957129,f4:5c:89:8c:0d:81,14:cc:20:51:33:ea,83.0,10.0,29.0,Falso_Xbox_Series_S,Gateway
1.1.1.1,2.2.2.2,6,1629402570.958849,14:cc:20:51:33:ea,f4:5c:89:8c:0d:81,133.0,29.0,10.0,Gateway,Falso_Xbox_Series_S
2.2.2.2,1.1.1.1,6,1629402571.200555,f4:5c:89:8c:0d:81,14:cc:20:51:33:ea,83.0,10.0,29.0,Falso_Xbox_Series_S,Gateway
1.1.1.1,2.2.2.2,6,1629402571.201741,14:cc:20:51:33:ea,f4:5c:89:8c:0d:81,133.0,29.0,10.0,Gateway,Falso_Xbox_Series_S
2.2.2.2,1.1.1.1,6,1629402571.407715,f4:5c:89:8c:0d:81,14:cc:20:51:33:ea,83.0,10.0,29.0,Falso_Xbox_Series_S,Gateway
1.1.1.1,2.2.2.2,6,1629402571.408468,14:cc:20:51:33:ea,f4:5c:89:8c:0d:81,133.0,29.0,10.0,Gateway,Falso_Xbox_Series_S
2.2.2.2,1.1.1.1,6,1629402571.631114,ec:1a:59:2d:ab:9e,14:cc:20:51:33:ea,83.0,2.0,34.0,Falso_Sensor_de_Movimento,Gateway
1.1.1.1,2.2.2.2,6,1629402571.633694,14:cc:20:51:33:ea,ec:1a:59:2d:ab:9e,133.0,34.0,2.0,Gateway,Falso_Sensor_de_Movimento
2.2.2.2,1.1.1.1,6,1629402571.867592,ec:1a:59:2d:ab:9e,14:cc:20:51:33:ea,83.0,2.0,34.0,Falso_Sensor_de_Movimento,Gateway
1.1.1.1,2.2.2.2,6,1629402571.868298,14:cc:20:51:33:ea,ec:1a:59:2d:ab:9e,133.0,34.0,2.0,Gateway,Falso_Sensor_de_Movimento
2.2.2.2,1.1.1.1,6,1629402572.075664,ec:1a:59:2d:ab:9e,14:cc:20:51:33:ea,83.0,2.0,34.0,Falso_Sensor_de_Movimento,Gateway
1.1.1.1,2.2.2.2,6,1629402572.076376,14:cc:20:51:33:ea,ec:1a:59:2d:ab:9e,133.0,34.0,2.0,Gateway,Falso_Sensor_de_Movimento
2.2.2.2,1.1.1.1,6,1629402572.317204,ec:1a:59:2d:ab:9e,14:cc:20:51:33:ea,83.0,2.0,34.0,Falso_Sensor_de_Movimento,Gateway
1.1.1.1,2.2.2.2,6,1629402572.318729,14:cc:20:51:33:ea,ec:1a:59:2d:ab:9e,133.0,34.0,2.0,Gateway,Falso_Sensor_de_Movimento
2.2.2.2,1.1.1.1,6,1629402572.562959,ec:1a:59:2d:ab:9e,14:cc:20:51:33:ea,83.0,2.0,34.0,Falso_Sensor_de_Movimento,Gateway
1.1.1.1,2.2.2.2,6,1629402572.565379,14:cc:20:51:33:ea,ec:1a:59:2d:ab:9e,133.0,34.0,2.0,Gateway,Falso_Sensor_de_Movimento
2.2.2.2,1.1.1.1,6,1629402572.808445,ec:1a:59:2d:ab:9e,14:cc:20:51:33:ea,83.0,2.0,34.0,Falso_Sensor_de_Movimento,Gateway
1.1.1.1,2.2.2.2,6,1629402572.809629,14:cc:20:51:33:ea,ec:1a:59:2d:ab:9e,133.0,34.0,2.0,Gateway,Falso_Sensor_de_Movimento
2.2.2.2,1.1.1.1,6,1629402573.031596,ec:1a:59:2d:ab:9e,14:cc:20:51:33:ea,83.0,2.0,34.0,Falso_Sensor_de_Movimento,Gateway
1.1.1.1,2.2.2.2,6,1629402573.032375,14:cc:20:51:33:ea,ec:1a:59:2d:ab:9e,133.0,34.0,2.0,Gateway,Falso_Sensor_de_Movimento
2.2.2.2,1.1.1.1,6,1629402573.279065,ec:1a:59:2d:ab:9e,14:cc:20:51:33:ea,83.0,2.0,34.0,Falso_Sensor_de_Movimento,Gateway
1.1.1.1,2.2.2.2,6,1629402573.281448,14:cc:20:51:33:ea,ec:1a:59:2d:ab:9e,133.0,34.0,2.0,Gateway,Falso_Sensor_de_Movimento
2.2.2.2,1.1.1.1,6,1629402573.519684,ec:1a:59:2d:ab:9e,14:cc:20:51:33:ea,83.0,2.0,34.0,Falso_Sensor_de_Movimento,Gateway
1.1.1.1,2.2.2.2,6,1629402573.52049,14:cc:20:51:33:ea,ec:1a:59:2d:ab:9e,133.0,34.0,2.0,Gateway,Falso_Sensor_de_Movimento
2.2.2.2,1.1.1.1,6,1629402573.771845,ec:1a:59:2d:ab:9e,14:cc:20:51:33:ea,83.0,2.0,34.0,Falso_Sensor_de_Movimento,Gateway
1.1.1.1,2.2.2.2,6,1629402573.77286,14:cc:20:51:33:ea,ec:1a:59:2d:ab:9e,133.0,34.0,2.0,Gateway,Falso_Sensor_de_Movimento
2.2.2.2,1.1.1.1,6,1629402574.00366,40:f3:08:9c:88:47,14:cc:20:51:33:ea,83.0,33.0,3.0,Falso_Smartphone_Samsung,Gateway
1.1.1.1,2.2.2.2,6,1629402574.004385,14:cc:20:51:33:ea,40:f3:08:9c:88:47,133.0,3.0,33.0,Gateway,Falso_Smartphone_Samsung
2.2.2.2,1.1.1.1,6,1629402574.195525,40:f3:08:9c:88:47,14:cc:20:51:33:ea,83.0,33.0,3.0,Falso_Smartphone_Samsung,Gateway
1.1.1.1,2.2.2.2,6,1629402574.196238,14:cc:20:51:33:ea,40:f3:08:9c:88:47,133.0,3.0,33.0,Gateway,Falso_Smartphone_Samsung
2.2.2.2,1.1.1.1,6,1629402574.40361,40:f3:08:9c:88:47,14:cc:20:51:33:ea,83.0,33.0,3.0,Falso_Smartphone_Samsung,Gateway
1.1.1.1,2.2.2.2,6,1629402574.404322,14:cc:20:51:33:ea,40:f3:08:9c:88:47,133.0,3.0,33.0,Gateway,Falso_Smartphone_Samsung
2.2.2.2,1.1.1.1,6,1629402574.610206,40:f3:08:9c:88:47,14:cc:20:51:33:ea,83.0,33.0,3.0,Falso_Smartphone_Samsung,Gateway
1.1.1.1,2.2.2.2,6,1629402574.612234,14:cc:20:51:33:ea,40:f3:08:9c:88:47,133.0,3.0,33.0,Gateway,Falso_Smartphone_Samsung
2.2.2.2,1.1.1.1,6,1629402574.857199,40:f3:08:9c:88:47,14:cc:20:51:33:ea,83.0,33.0,3.0,Falso_Smartphone_Samsung,Gateway
1.1.1.1,2.2.2.2,6,1629402574.858981,14:cc:20:51:33:ea,40:f3:08:9c:88:47,133.0,3.0,33.0,Gateway,Falso_Smartphone_Samsung
2.2.2.2,1.1.1.1,6,1629402575.083663,40:f3:08:9c:88:47,14:cc:20:51:33:ea,83.0,33.0,3.0,Falso_Smartphone_Samsung,Gateway
1.1.1.1,2.2.2.2,6,1629402575.084393,14:cc:20:51:33:ea,40:f3:08:9c:88:47,133.0,3.0,33.0,Gateway,Falso_Smartphone_Samsung
2.2.2.2,1.1.1.1,6,1629402575.285254,40:f3:08:9c:88:47,14:cc:20:51:33:ea,83.0,33.0,3.0,Falso_Smartphone_Samsung,Gateway
1.1.1.1,2.2.2.2,6,1629402575.286802,14:cc:20:51:33:ea,40:f3:08:9c:88:47,133.0,3.0,33.0,Gateway,Falso_Smartphone_Samsung
2.2.2.2,1.1.1.1,6,1629402575.527542,40:f3:08:9c:88:47,14:cc:20:51:33:ea,83.0,33.0,3.0,Falso_Smartphone_Samsung,Gateway
1.1.1.1,2.2.2.2,6,1629402575.528256,14:cc:20:51:33:ea,40:f3:08:9c:88:47,133.0,3.0,33.0,Gateway,Falso_Smartphone_Samsung
2.2.2.2,1.1.1.1,6,1629402575.716631,40:f3:08:9c:88:47,14:cc:20:51:33:ea,83.0,33.0,3.0,Falso_Smartphone_Samsung,Gateway
1.1.1.1,2.2.2.2,6,1629402575.717838,14:cc:20:51:33:ea,40:f3:08:9c:88:47,133.0,3.0,33.0,Gateway,Falso_Smartphone_Samsung
2.2.2.2,1.1.1.1,6,1629402575.953138,40:f3:08:9c:88:47,14:cc:20:51:33:ea,83.0,33.0,3.0,Falso_Smartphone_Samsung,Gateway
1.1.1.1,2.2.2.2,6,1629402575.954648,14:cc:20:51:33:ea,40:f3:08:9c:88:47,133.0,3.0,33.0,Gateway,Falso_Smartphone_Samsung
2.2.2.2,1.1.1.1,6,1629402576.183557,d0:a6:37:65:1a:14,14:cc:20:51:33:ea,83.0,4.0,32.0,Falso_Sensor_de_Umidade,Gateway
1.1.1.1,2.2.2.2,6,1629402576.184263,14:cc:20:51:33:ea,d0:a6:37:65:1a:14,133.0,32.0,4.0,Gateway,Falso_Sensor_de_Umidade
2.2.2.2,1.1.1.1,6,1629402576.388444,d0:a6:37:65:1a:14,14:cc:20:51:33:ea,83.0,4.0,32.0,Falso_Sensor_de_Umidade,Gateway
1.1.1.1,2.2.2.2,6,1629402576.38962,14:cc:20:51:33:ea,d0:a6:37:65:1a:14,133.0,32.0,4.0,Gateway,Falso_Sensor_de_Umidade
2.2.2.2,1.1.1.1,6,1629402576.623492,d0:a6:37:65:1a:14,14:cc:20:51:33:ea,83.0,4.0,32.0,Falso_Sensor_de_Umidade,Gateway
1.1.1.1,2.2.2.2,6,1629402576.624177,14:cc:20:51:33:ea,d0:a6:37:65:1a:14,133.0,32.0,4.0,Gateway,Falso_Sensor_de_Umidade
2.2.2.2,1.1.1.1,6,1629402576.851721,d0:a6:37:65:1a:14,14:cc:20:51:33:ea,83.0,4.0,32.0,Falso_Sensor_de_Umidade,Gateway
1.1.1.1,2.2.2.2,6,1629402576.854381,14:cc:20:51:33:ea,d0:a6:37:65:1a:14,133.0,32.0,4.0,Gateway,Falso_Sensor_de_Umidade
2.2.2.2,1.1.1.1,6,1629402577.087481,d0:a6:37:65:1a:14,14:cc:20:51:33:ea,83.0,4.0,32.0,Falso_Sensor_de_Umidade,Gateway
1.1.1.1,2.2.2.2,6,1629402577.088189,14:cc:20:51:33:ea,d0:a6:37:65:1a:14,133.0,32.0,4.0,Gateway,Falso_Sensor_de_Umidade
2.2.2.2,1.1.1.1,6,1629402577.299543,d0:a6:37:65:1a:14,14:cc:20:51:33:ea,83.0,4.0,32.0,Falso_Sensor_de_Umidade,Gateway
1.1.1.1,2.2.2.2,6,1629402577.300276,14:cc:20:51:33:ea,d0:a6:37:65:1a:14,133.0,32.0,4.0,Gateway,Falso_Sensor_de_Umidade
2.2.2.2,1.1.1.1,6,1629402577.497797,d0:a6:37:65:1a:14,14:cc:20:51:33:ea,83.0,4.0,32.0,Falso_Sensor_de_Umidade,Gateway
1.1.1.1,2.2.2.2,6,1629402577.499673,14:cc:20:51:33:ea,d0:a6:37:65:1a:14,133.0,32.0,4.0,Gateway,Falso_Sensor_de_Umidade
2.2.2.2,1.1.1.1,6,1629402577.740601,d0:a6:37:65:1a:14,14:cc:20:51:33:ea,83.0,4.0,32.0,Falso_Sensor_de_Umidade,Gateway
1.1.1.1,2.2.2.2,6,1629402577.742296,14:cc:20:51:33:ea,d0:a6:37:65:1a:14,133.0,32.0,4.0,Gateway,Falso_Sensor_de_Umidade
2.2.2.2,1.1.1.1,6,1629402577.967578,d0:a6:37:65:1a:14,14:cc:20:51:33:ea,83.0,4.0,32.0,Falso_Sensor_de_Umidade,Gateway
1.1.1.1,2.2.2.2,6,1629402577.968272,14:cc:20:51:33:ea,d0:a6:37:65:1a:14,133.0,32.0,4.0,Gateway,Falso_Sensor_de_Umidade
2.2.2.2,1.1.1.1,6,1629402578.184427,d0:a6:37:65:1a:14,14:cc:20:51:33:ea,83.0,4.0,32.0,Falso_Sensor_de_Umidade,Gateway
1.1.1.1,2.2.2.2,6,1629402578.185594,14:cc:20:51:33:ea,d0:a6:37:65:1a:14,133.0,32.0,4.0,Gateway,Falso_Sensor_de_Umidade
2.2.2.2,1.1.1.1,6,1629402578.413282,e0:76:d0:e5:b6:26,14:cc:20:51:33:ea,83.0,27.0,14.0,Falso_Camera_de_Seguranca_Interna_1,Gateway
1.1.1.1,2.2.2.2,6,1629402578.414807,14:cc:20:51:33:ea,e0:76:d0:e5:b6:26,133.0,14.0,27.0,Gateway,Falso_Camera_de_Seguranca_Interna_1
2.2.2.2,1.1.1.1,6,1629402578.647399,e0:76:d0:e5:b6:26,14:cc:20:51:33:ea,83.0,27.0,14.0,Falso_Camera_de_Seguranca_Interna_1,Gateway
1.1.1.1,2.2.2.2,6,1629402578.650081,14:cc:20:51:33:ea,e0:76:d0:e5:b6:26,133.0,14.0,27.0,Gateway,Falso_Camera_de_Seguranca_Interna_1
2.2.2.2,1.1.1.1,6,1629402578.867482,e0:76:d0:e5:b6:26,14:cc:20:51:33:ea,83.0,27.0,14.0,Falso_Camera_de_Seguranca_Interna_1,Gateway
1.1.1.1,2.2.2.2,6,1629402578.868187,14:cc:20:51:33:ea,e0:76:d0:e5:b6:26,133.0,14.0,27.0,Gateway,Falso_Camera_de_Seguranca_Interna_1
2.2.2.2,1.1.1.1,6,1629402579.083785,e0:76:d0:e5:b6:26,14:cc:20:51:33:ea,83.0,27.0,14.0,Falso_Camera_de_Seguranca_Interna_1,Gateway
1.1.1.1,2.2.2.2,6,1629402579.086568,14:cc:20:51:33:ea,e0:76:d0:e5:b6:26,133.0,14.0,27.0,Gateway,Falso_Camera_de_Seguranca_Interna_1
2.2.2.2,1.1.1.1,6,1629402579.319638,e0:76:d0:e5:b6:26,14:cc:20:51:33:ea,83.0,27.0,14.0,Falso_Camera_de_Seguranca_Interna_1,Gateway
1.1.1.1,2.2.2.2,6,1629402579.320352,14:cc:20:51:33:ea,e0:76:d0:e5:b6:26,133.0,14.0,27.0,Gateway,Falso_Camera_de_Seguranca_Interna_1
2.2.2.2,1.1.1.1,6,1629402579.563609,e0:76:d0:e5:b6:26,14:cc:20:51:33:ea,83.0,27.0,14.0,Falso_Camera_de_Seguranca_Interna_1,Gateway
1.1.1.1,2.2.2.2,6,1629402579.564327,14:cc:20:51:33:ea,e0:76:d0:e5:b6:26,133.0,14.0,27.0,Gateway,Falso_Camera_de_Seguranca_Interna_1
2.2.2.2,1.1.1.1,6,1629402579.815612,e0:76:d0:e5:b6:26,14:cc:20:51:33:ea,83.0,27.0,14.0,Falso_Camera_de_Seguranca_Interna_1,Gateway
1.1.1.1,2.2.2.2,6,1629402579.816473,14:cc:20:51:33:ea,e0:76:d0:e5:b6:26,133.0,14.0,27.0,Gateway,Falso_Camera_de_Seguranca_Interna_1
2.2.2.2,1.1.1.1,6,1629402580.051532,e0:76:d0:e5:b6:26,14:cc:20:51:33:ea,83.0,27.0,14.0,Falso_Camera_de_Seguranca_Interna_1,Gateway
1.1.1.1,2.2.2.2,6,1629402580.052265,14:cc:20:51:33:ea,e0:76:d0:e5:b6:26,133.0,14.0,27.0,Gateway,Falso_Camera_de_Seguranca_Interna_1
2.2.2.2,1.1.1.1,6,1629402580.255624,e0:76:d0:e5:b6:26,14:cc:20:51:33:ea,83.0,27.0,14.0,Falso_Camera_de_Seguranca_Interna_1,Gateway
1.1.1.1,2.2.2.2,6,1629402580.256341,14:cc:20:51:33:ea,e0:76:d0:e5:b6:26,133.0,14.0,27.0,Gateway,Falso_Camera_de_Seguranca_Interna_1
2.2.2.2,1.1.1.1,6,1629402580.492821,e0:76:d0:e5:b6:26,14:cc:20:51:33:ea,83.0,27.0,14.0,Falso_Camera_de_Seguranca_Interna_1,Gateway
1.1.1.1,2.2.2.2,6,1629402580.493592,14:cc:20:51:33:ea,e0:76:d0:e5:b6:26,133.0,14.0,27.0,Gateway,Falso_Camera_de_Seguranca_Interna_1
2.2.2.2,1.1.1.1,6,1629402580.730239,70:5a:0f:be:d6:ed,14:cc:20:51:33:ea,83.0,34.0,2.0,Falso_Smartphone_Motorola,Gateway
1.1.1.1,2.2.2.2,6,1629402580.731826,14:cc:20:51:33:ea,70:5a:0f:be:d6:ed,133.0,2.0,34.0,Gateway,Falso_Smartphone_Motorola
2.2.2.2,1.1.1.1,6,1629402580.975604,70:5a:0f:be:d6:ed,14:cc:20:51:33:ea,83.0,34.0,2.0,Falso_Smartphone_Motorola,Gateway
1.1.1.1,2.2.2.2,6,1629402580.976352,14:cc:20:51:33:ea,70:5a:0f:be:d6:ed,133.0,2.0,34.0,Gateway,Falso_Smartphone_Motorola
2.2.2.2,1.1.1.1,6,1629402581.183969,70:5a:0f:be:d6:ed,14:cc:20:51:33:ea,83.0,34.0,2.0,Falso_Smartphone_Motorola,Gateway
1.1.1.1,2.2.2.2,6,1629402581.184838,14:cc:20:51:33:ea,70:5a:0f:be:d6:ed,133.0,2.0,34.0,Gateway,Falso_Smartphone_Motorola
2.2.2.2,1.1.1.1,6,1629402581.435586,70:5a:0f:be:d6:ed,14:cc:20:51:33:ea,83.0,34.0,2.0,Falso_Smartphone_Motorola,Gateway
1.1.1.1,2.2.2.2,6,1629402581.436297,14:cc:20:51:33:ea,70:5a:0f:be:d6:ed,133.0,2.0,34.0,Gateway,Falso_Smartphone_Motorola
2.2.2.2,1.1.1.1,6,1629402581.675393,70:5a:0f:be:d6:ed,14:cc:20:51:33:ea,83.0,34.0,2.0,Falso_Smartphone_Motorola,Gateway
1.1.1.1,2.2.2.2,6,1629402581.678158,14:cc:20:51:33:ea,70:5a:0f:be:d6:ed,133.0,2.0,34.0,Gateway,Falso_Smartphone_Motorola
2.2.2.2,1.1.1.1,6,1629402581.915606,70:5a:0f:be:d6:ed,14:cc:20:51:33:ea,83.0,34.0,2.0,Falso_Smartphone_Motorola,Gateway
1.1.1.1,2.2.2.2,6,1629402581.916293,14:cc:20:51:33:ea,70:5a:0f:be:d6:ed,133.0,2.0,34.0,Gateway,Falso_Smartphone_Motorola
2.2.2.2,1.1.1.1,6,1629402582.127446,70:5a:0f:be:d6:ed,14:cc:20:51:33:ea,83.0,34.0,2.0,Falso_Smartphone_Motorola,Gateway
1.1.1.1,2.2.2.2,6,1629402582.128162,14:cc:20:51:33:ea,70:5a:0f:be:d6:ed,133.0,2.0,34.0,Gateway,Falso_Smartphone_Motorola
2.2.2.2,1.1.1.1,6,1629402582.331546,70:5a:0f:be:d6:ed,14:cc:20:51:33:ea,83.0,34.0,2.0,Falso_Smartphone_Motorola,Gateway
1.1.1.1,2.2.2.2,6,1629402582.334119,14:cc:20:51:33:ea,70:5a:0f:be:d6:ed,133.0,2.0,34.0,Gateway,Falso_Smartphone_Motorola
2.2.2.2,1.1.1.1,6,1629402582.583874,70:5a:0f:be:d6:ed,14:cc:20:51:33:ea,83.0,34.0,2.0,Falso_Smartphone_Motorola,Gateway
1.1.1.1,2.2.2.2,6,1629402582.586577,14:cc:20:51:33:ea,70:5a:0f:be:d6:ed,133.0,2.0,34.0,Gateway,Falso_Smartphone_Motorola
2.2.2.2,1.1.1.1,6,1629402582.825112,70:5a:0f:be:d6:ed,14:cc:20:51:33:ea,83.0,34.0,2.0,Falso_Smartphone_Motorola,Gateway
1.1.1.1,2.2.2.2,6,1629402582.826645,14:cc:20:51:33:ea,70:5a:0f:be:d6:ed,133.0,2.0,34.0,Gateway,Falso_Smartphone_Motorola
2.2.2.2,1.1.1.1,6,1629402583.055609,00:24:e4:77:83:cd,14:cc:20:51:33:ea,83.0,4.0,32.0,Falso_Sensor_de_Umidade,Gateway
1.1.1.1,2.2.2.2,6,1629402583.056341,14:cc:20:51:33:ea,00:24:e4:77:83:cd,133.0,32.0,4.0,Gateway,Falso_Sensor_de_Umidade
2.2.2.2,1.1.1.1,6,1629402583.291572,00:24:e4:77:83:cd,14:cc:20:51:33:ea,83.0,4.0,32.0,Falso_Sensor_de_Umidade,Gateway
1.1.1.1,2.2.2.2,6,1629402583.292362,14:cc:20:51:33:ea,00:24:e4:77:83:cd,133.0,32.0,4.0,Gateway,Falso_Sensor_de_Umidade
2.2.2.2,1.1.1.1,6,1629402583.515489,00:24:e4:77:83:cd,14:cc:20:51:33:ea,83.0,4.0,32.0,Falso_Sensor_de_Umidade,Gateway
1.1.1.1,2.2.2.2,6,1629402583.516198,14:cc:20:51:33:ea,00:24:e4:77:83:cd,133.0,32.0,4.0,Gateway,Falso_Sensor_de_Umidade
2.2.2.2,1.1.1.1,6,1629402583.711469,00:24:e4:77:83:cd,14:cc:20:51:33:ea,83.0,4.0,32.0,Falso_Sensor_de_Umidade,Gateway
1.1.1.1,2.2.2.2,6,1629402583.712175,14:cc:20:51:33:ea,00:24:e4:77:83:cd,133.0,32.0,4.0,Gateway,Falso_Sensor_de_Umidade
2.2.2.2,1.1.1.1,6,1629402583.923781,00:24:e4:77:83:cd,14:cc:20:51:33:ea,83.0,4.0,32.0,Falso_Sensor_de_Umidade,Gateway
1.1.1.1,2.2.2.2,6,1629402583.924503,14:cc:20:51:33:ea,00:24:e4:77:83:cd,133.0,32.0,4.0,Gateway,Falso_Sensor_de_Umidade
2.2.2.2,1.1.1.1,6,1629402584.164149,00:24:e4:77:83:cd,14:cc:20:51:33:ea,83.0,4.0,32.0,Falso_Sensor_de_Umidade,Gateway
1.1.1.1,2.2.2.2,6,1629402584.16525,14:cc:20:51:33:ea,00:24:e4:77:83:cd,133.0,32.0,4.0,Gateway,Falso_Sensor_de_Umidade
2.2.2.2,1.1.1.1,6,1629402584.39554,00:24:e4:77:83:cd,14:cc:20:51:33:ea,83.0,4.0,32.0,Falso_Sensor_de_Umidade,Gateway
1.1.1.1,2.2.2.2,6,1629402584.396251,14:cc:20:51:33:ea,00:24:e4:77:83:cd,133.0,32.0,4.0,Gateway,Falso_Sensor_de_Umidade
2.2.2.2,1.1.1.1,6,1629402584.607429,00:24:e4:77:83:cd,14:cc:20:51:33:ea,83.0,4.0,32.0,Falso_Sensor_de_Umidade,Gateway
1.1.1.1,2.2.2.2,6,1629402584.610344,14:cc:20:51:33:ea,00:24:e4:77:83:cd,133.0,32.0,4.0,Gateway,Falso_Sensor_de_Umidade
2.2.2.2,1.1.1.1,6,1629402584.835382,00:24:e4:77:83:cd,14:cc:20:51:33:ea,83.0,4.0,32.0,Falso_Sensor_de_Umidade,Gateway
1.1.1.1,2.2.2.2,6,1629402584.836047,14:cc:20:51:33:ea,00:24:e4:77:83:cd,133.0,32.0,4.0,Gateway,Falso_Sensor_de_Umidade
2.2.2.2,1.1.1.1,6,1629402585.039767,00:24:e4:77:83:cd,14:cc:20:51:33:ea,83.0,4.0,32.0,Falso_Sensor_de_Umidade,Gateway
1.1.1.1,2.2.2.2,6,1629402585.040794,14:cc:20:51:33:ea,00:24:e4:77:83:cd,133.0,32.0,4.0,Gateway,Falso_Sensor_de_Umidade
2.2.2.2,1.1.1.1,6,1629402585.296353,18:b4:30:30:18:c9,14:cc:20:51:33:ea,83.0,14.0,27.0,Falso_Playstation_5,Gateway
1.1.1.1,2.2.2.2,6,1629402585.297533,14:cc:20:51:33:ea,18:b4:30:30:18:c9,133.0,27.0,14.0,Gateway,Falso_Playstation_5
2.2.2.2,1.1.1.1,6,1629402585.511512,18:b4:30:30:18:c9,14:cc:20:51:33:ea,83.0,14.0,27.0,Falso_Playstation_5,Gateway
1.1.1.1,2.2.2.2,6,1629402585.512245,14:cc:20:51:33:ea,18:b4:30:30:18:c9,133.0,27.0,14.0,Gateway,Falso_Playstation_5
2.2.2.2,1.1.1.1,6,1629402585.712394,18:b4:30:30:18:c9,14:cc:20:51:33:ea,83.0,14.0,27.0,Falso_Playstation_5,Gateway
1.1.1.1,2.2.2.2,6,1629402585.713516,14:cc:20:51:33:ea,18:b4:30:30:18:c9,133.0,27.0,14.0,Gateway,Falso_Playstation_5
2.2.2.2,1.1.1.1,6,1629402585.931484,18:b4:30:30:18:c9,14:cc:20:51:33:ea,83.0,14.0,27.0,Falso_Playstation_5,Gateway
1.1.1.1,2.2.2.2,6,1629402585.93223,14:cc:20:51:33:ea,18:b4:30:30:18:c9,133.0,27.0,14.0,Gateway,Falso_Playstation_5
2.2.2.2,1.1.1.1,6,1629402586.135655,18:b4:30:30:18:c9,14:cc:20:51:33:ea,83.0,14.0,27.0,Falso_Playstation_5,Gateway
1.1.1.1,2.2.2.2,6,1629402586.136442,14:cc:20:51:33:ea,18:b4:30:30:18:c9,133.0,27.0,14.0,Gateway,Falso_Playstation_5
2.2.2.2,1.1.1.1,6,1629402586.351477,18:b4:30:30:18:c9,14:cc:20:51:33:ea,83.0,14.0,27.0,Falso_Playstation_5,Gateway
1.1.1.1,2.2.2.2,6,1629402586.352184,14:cc:20:51:33:ea,18:b4:30:30:18:c9,133.0,27.0,14.0,Gateway,Falso_Playstation_5
2.2.2.2,1.1.1.1,6,1629402586.567544,18:b4:30:30:18:c9,14:cc:20:51:33:ea,83.0,14.0,27.0,Falso_Playstation_5,Gateway
1.1.1.1,2.2.2.2,6,1629402586.56833,14:cc:20:51:33:ea,18:b4:30:30:18:c9,133.0,27.0,14.0,Gateway,Falso_Playstation_5
2.2.2.2,1.1.1.1,6,1629402586.763539,18:b4:30:30:18:c9,14:cc:20:51:33:ea,83.0,14.0,27.0,Falso_Playstation_5,Gateway
1.1.1.1,2.2.2.2,6,1629402586.764266,14:cc:20:51:33:ea,18:b4:30:30:18:c9,133.0,27.0,14.0,Gateway,Falso_Playstation_5
2.2.2.2,1.1.1.1,6,1629402586.979465,18:b4:30:30:18:c9,14:cc:20:51:33:ea,83.0,14.0,27.0,Falso_Playstation_5,Gateway
1.1.1.1,2.2.2.2,6,1629402586.980173,14:cc:20:51:33:ea,18:b4:30:30:18:c9,133.0,27.0,14.0,Gateway,Falso_Playstation_5
2.2.2.2,1.1.1.1,6,1629402587.179572,18:b4:30:30:18:c9,14:cc:20:51:33:ea,83.0,14.0,27.0,Falso_Playstation_5,Gateway
1.1.1.1,2.2.2.2,6,1629402587.180311,14:cc:20:51:33:ea,18:b4:30:30:18:c9,133.0,27.0,14.0,Gateway,Falso_Playstation_5
2.2.2.2,1.1.1.1,6,1629402587.428294,18:b7:9e:1a:c4:02,14:cc:20:51:33:ea,83.0,2.0,34.0,Falso_Sensor_de_Movimento,Gateway
1.1.1.1,2.2.2.2,6,1629402587.429472,14:cc:20:51:33:ea,18:b7:9e:1a:c4:02,133.0,34.0,2.0,Gateway,Falso_Sensor_de_Movimento
2.2.2.2,1.1.1.1,6,1629402587.643613,18:b7:9e:1a:c4:02,14:cc:20:51:33:ea,83.0,2.0,34.0,Falso_Sensor_de_Movimento,Gateway
1.1.1.1,2.2.2.2,6,1629402587.644394,14:cc:20:51:33:ea,18:b7:9e:1a:c4:02,133.0,34.0,2.0,Gateway,Falso_Sensor_de_Movimento
2.2.2.2,1.1.1.1,6,1629402587.85956,18:b7:9e:1a:c4:02,14:cc:20:51:33:ea,83.0,2.0,34.0,Falso_Sensor_de_Movimento,Gateway
1.1.1.1,2.2.2.2,6,1629402587.860286,14:cc:20:51:33:ea,18:b7:9e:1a:c4:02,133.0,34.0,2.0,Gateway,Falso_Sensor_de_Movimento
2.2.2.2,1.1.1.1,6,1629402588.055912,18:b7:9e:1a:c4:02,14:cc:20:51:33:ea,83.0,2.0,34.0,Falso_Sensor_de_Movimento,Gateway
1.1.1.1,2.2.2.2,6,1629402588.056765,14:cc:20:51:33:ea,18:b7:9e:1a:c4:02,133.0,34.0,2.0,Gateway,Falso_Sensor_de_Movimento
2.2.2.2,1.1.1.1,6,1629402588.287598,18:b7:9e:1a:c4:02,14:cc:20:51:33:ea,83.0,2.0,34.0,Falso_Sensor_de_Movimento,Gateway
1.1.1.1,2.2.2.2,6,1629402588.288379,14:cc:20:51:33:ea,18:b7:9e:1a:c4:02,133.0,34.0,2.0,Gateway,Falso_Sensor_de_Movimento
2.2.2.2,1.1.1.1,6,1629402588.527569,18:b7:9e:1a:c4:02,14:cc:20:51:33:ea,83.0,2.0,34.0,Falso_Sensor_de_Movimento,Gateway
1.1.1.1,2.2.2.2,6,1629402588.528322,14:cc:20:51:33:ea,18:b7:9e:1a:c4:02,133.0,34.0,2.0,Gateway,Falso_Sensor_de_Movimento
2.2.2.2,1.1.1.1,6,1629402588.72373,18:b7:9e:1a:c4:02,14:cc:20:51:33:ea,83.0,2.0,34.0,Falso_Sensor_de_Movimento,Gateway
1.1.1.1,2.2.2.2,6,1629402588.724746,14:cc:20:51:33:ea,18:b7:9e:1a:c4:02,133.0,34.0,2.0,Gateway,Falso_Sensor_de_Movimento
2.2.2.2,1.1.1.1,6,1629402588.947485,18:b7:9e:1a:c4:02,14:cc:20:51:33:ea,83.0,2.0,34.0,Falso_Sensor_de_Movimento,Gateway
1.1.1.1,2.2.2.2,6,1629402588.948225,14:cc:20:51:33:ea,18:b7:9e:1a:c4:02,133.0,34.0,2.0,Gateway,Falso_Sensor_de_Movimento
2.2.2.2,1.1.1.1,6,1629402589.179648,18:b7:9e:1a:c4:02,14:cc:20:51:33:ea,83.0,2.0,34.0,Falso_Sensor_de_Movimento,Gateway
1.1.1.1,2.2.2.2,6,1629402589.180363,14:cc:20:51:33:ea,18:b7:9e:1a:c4:02,133.0,34.0,2.0,Gateway,Falso_Sensor_de_Movimento
2.2.2.2,1.1.1.1,6,1629402589.404329,18:b7:9e:1a:c4:02,14:cc:20:51:33:ea,83.0,2.0,34.0,Falso_Sensor_de_Movimento,Gateway
1.1.1.1,2.2.2.2,6,1629402589.405535,14:cc:20:51:33:ea,18:b7:9e:1a:c4:02,133.0,34.0,2.0,Gateway,Falso_Sensor_de_Movimento
2.2.2.2,1.1.1.1,6,1629402589.631383,50:c7:bf:fc:6b:8b,14:cc:20:51:33:ea,83.0,27.0,14.0,Falso_Camera_de_Seguranca_Interna_1,Gateway
1.1.1.1,2.2.2.2,6,1629402589.632139,14:cc:20:51:33:ea,50:c7:bf:fc:6b:8b,133.0,14.0,27.0,Gateway,Falso_Camera_de_Seguranca_Interna_1
2.2.2.2,1.1.1.1,6,1629402589.811446,50:c7:bf:fc:6b:8b,14:cc:20:51:33:ea,83.0,27.0,14.0,Falso_Camera_de_Seguranca_Interna_1,Gateway
1.1.1.1,2.2.2.2,6,1629402589.812177,14:cc:20:51:33:ea,50:c7:bf:fc:6b:8b,133.0,14.0,27.0,Gateway,Falso_Camera_de_Seguranca_Interna_1
2.2.2.2,1.1.1.1,6,1629402590.015406,50:c7:bf:fc:6b:8b,14:cc:20:51:33:ea,83.0,27.0,14.0,Falso_Camera_de_Seguranca_Interna_1,Gateway
1.1.1.1,2.2.2.2,6,1629402590.016118,14:cc:20:51:33:ea,50:c7:bf:fc:6b:8b,133.0,14.0,27.0,Gateway,Falso_Camera_de_Seguranca_Interna_1
2.2.2.2,1.1.1.1,6,1629402590.211473,50:c7:bf:fc:6b:8b,14:cc:20:51:33:ea,83.0,27.0,14.0,Falso_Camera_de_Seguranca_Interna_1,Gateway
1.1.1.1,2.2.2.2,6,1629402590.21228,14:cc:20:51:33:ea,50:c7:bf:fc:6b:8b,133.0,14.0,27.0,Gateway,Falso_Camera_de_Seguranca_Interna_1
2.2.2.2,1.1.1.1,6,1629402590.431554,50:c7:bf:fc:6b:8b,14:cc:20:51:33:ea,83.0,27.0,14.0,Falso_Camera_de_Seguranca_Interna_1,Gateway
1.1.1.1,2.2.2.2,6,1629402590.432399,14:cc:20:51:33:ea,50:c7:bf:fc:6b:8b,133.0,14.0,27.0,Gateway,Falso_Camera_de_Seguranca_Interna_1
2.2.2.2,1.1.1.1,6,1629402590.6677,50:c7:bf:fc:6b:8b,14:cc:20:51:33:ea,83.0,27.0,14.0,Falso_Camera_de_Seguranca_Interna_1,Gateway
1.1.1.1,2.2.2.2,6,1629402590.668483,14:cc:20:51:33:ea,50:c7:bf:fc:6b:8b,133.0,14.0,27.0,Gateway,Falso_Camera_de_Seguranca_Interna_1
2.2.2.2,1.1.1.1,6,1629402590.923516,50:c7:bf:fc:6b:8b,14:cc:20:51:33:ea,83.0,27.0,14.0,Falso_Camera_de_Seguranca_Interna_1,Gateway
1.1.1.1,2.2.2.2,6,1629402590.92427,14:cc:20:51:33:ea,50:c7:bf:fc:6b:8b,133.0,14.0,27.0,Gateway,Falso_Camera_de_Seguranca_Interna_1
2.2.2.2,1.1.1.1,6,1629402591.139819,50:c7:bf:fc:6b:8b,14:cc:20:51:33:ea,83.0,27.0,14.0,Falso_Camera_de_Seguranca_Interna_1,Gateway
1.1.1.1,2.2.2.2,6,1629402591.140594,14:cc:20:51:33:ea,50:c7:bf:fc:6b:8b,133.0,14.0,27.0,Gateway,Falso_Camera_de_Seguranca_Interna_1
2.2.2.2,1.1.1.1,6,1629402591.3675,50:c7:bf:fc:6b:8b,14:cc:20:51:33:ea,83.0,27.0,14.0,Falso_Camera_de_Seguranca_Interna_1,Gateway
1.1.1.1,2.2.2.2,6,1629402591.368237,14:cc:20:51:33:ea,50:c7:bf:fc:6b:8b,133.0,14.0,27.0,Gateway,Falso_Camera_de_Seguranca_Interna_1
2.2.2.2,1.1.1.1,6,1629402591.591658,50:c7:bf:fc:6b:8b,14:cc:20:51:33:ea,83.0,27.0,14.0,Falso_Camera_de_Seguranca_Interna_1,Gateway
1.1.1.1,2.2.2.2,6,1629402591.592849,14:cc:20:51:33:ea,50:c7:bf:fc:6b:8b,133.0,14.0,27.0,Gateway,Falso_Camera_de_Seguranca_Interna_1
2.2.2.2,1.1.1.1,6,1629402591.843483,08:21:ef:06:76:47,14:cc:20:51:33:ea,83.0,4.0,32.0,Falso_Sensor_de_Umidade,Gateway
1.1.1.1,2.2.2.2,6,1629402591.844219,14:cc:20:51:33:ea,08:21:ef:06:76:47,133.0,32.0,4.0,Gateway,Falso_Sensor_de_Umidade
2.2.2.2,1.1.1.1,6,1629402592.059517,08:21:ef:06:76:47,14:cc:20:51:33:ea,83.0,4.0,32.0,Falso_Sensor_de_Umidade,Gateway
1.1.1.1,2.2.2.2,6,1629402592.060278,14:cc:20:51:33:ea,08:21:ef:06:76:47,133.0,32.0,4.0,Gateway,Falso_Sensor_de_Umidade
2.2.2.2,1.1.1.1,6,1629402592.263754,08:21:ef:06:76:47,14:cc:20:51:33:ea,83.0,4.0,32.0,Falso_Sensor_de_Umidade,Gateway
1.1.1.1,2.2.2.2,6,1629402592.264516,14:cc:20:51:33:ea,08:21:ef:06:76:47,133.0,32.0,4.0,Gateway,Falso_Sensor_de_Umidade
2.2.2.2,1.1.1.1,6,1629402592.455632,08:21:ef:06:76:47,14:cc:20:51:33:ea,83.0,4.0,32.0,Falso_Sensor_de_Umidade,Gateway
1.1.1.1,2.2.2.2,6,1629402592.456451,14:cc:20:51:33:ea,08:21:ef:06:76:47,133.0,32.0,4.0,Gateway,Falso_Sensor_de_Umidade
2.2.2.2,1.1.1.1,6,1629402592.67154,08:21:ef:06:76:47,14:cc:20:51:33:ea,83.0,4.0,32.0,Falso_Sensor_de_Umidade,Gateway
1.1.1.1,2.2.2.2,6,1629402592.672297,14:cc:20:51:33:ea,08:21:ef:06:76:47,133.0,32.0,4.0,Gateway,Falso_Sensor_de_Umidade
2.2.2.2,1.1.1.1,6,1629402592.887506,08:21:ef:06:76:47,14:cc:20:51:33:ea,83.0,4.0,32.0,Falso_Sensor_de_Umidade,Gateway
1.1.1.1,2.2.2.2,6,1629402592.888248,14:cc:20:51:33:ea,08:21:ef:06:76:47,133.0,32.0,4.0,Gateway,Falso_Sensor_de_Umidade
2.2.2.2,1.1.1.1,6,1629402593.112436,08:21:ef:06:76:47,14:cc:20:51:33:ea,83.0,4.0,32.0,Falso_Sensor_de_Umidade,Gateway
1.1.1.1,2.2.2.2,6,1629402593.113598,14:cc:20:51:33:ea,08:21:ef:06:76:47,133.0,32.0,4.0,Gateway,Falso_Sensor_de_Umidade
2.2.2.2,1.1.1.1,6,1629402593.35961,08:21:ef:06:76:47,14:cc:20:51:33:ea,83.0,4.0,32.0,Falso_Sensor_de_Umidade,Gateway
1.1.1.1,2.2.2.2,6,1629402593.360359,14:cc:20:51:33:ea,08:21:ef:06:76:47,133.0,32.0,4.0,Gateway,Falso_Sensor_de_Umidade
2.2.2.2,1.1.1.1,6,1629402593.579482,08:21:ef:06:76:47,14:cc:20:51:33:ea,83.0,4.0,32.0,Falso_Sensor_de_Umidade,Gateway
1.1.1.1,2.2.2.2,6,1629402593.580223,14:cc:20:51:33:ea,08:21:ef:06:76:47,133.0,32.0,4.0,Gateway,Falso_Sensor_de_Umidade
2.2.2.2,1.1.1.1,6,1629402593.795425,08:21:ef:06:76:47,14:cc:20:51:33:ea,83.0,4.0,32.0,Falso_Sensor_de_Umidade,Gateway
1.1.1.1,2.2.2.2,6,1629402593.796133,14:cc:20:51:33:ea,08:21:ef:06:76:47,133.0,32.0,4.0,Gateway,Falso_Sensor_de_Umidade
2.2.2.2,1.1.1.1,6,1629402594.023433,70:ee:50:05:10:1c,14:cc:20:51:33:ea,83.0,31.0,6.0,Falso_TV_Smart_Philco,Gateway
1.1.1.1,2.2.2.2,6,1629402594.024167,14:cc:20:51:33:ea,70:ee:50:05:10:1c,133.0,6.0,31.0,Gateway,Falso_TV_Smart_Philco
2.2.2.2,1.1.1.1,6,1629402594.24365,70:ee:50:05:10:1c,14:cc:20:51:33:ea,83.0,31.0,6.0,Falso_TV_Smart_Philco,Gateway
1.1.1.1,2.2.2.2,6,1629402594.244492,14:cc:20:51:33:ea,70:ee:50:05:10:1c,133.0,6.0,31.0,Gateway,Falso_TV_Smart_Philco
2.2.2.2,1.1.1.1,6,1629402594.471511,70:ee:50:05:10:1c,14:cc:20:51:33:ea,83.0,31.0,6.0,Falso_TV_Smart_Philco,Gateway
1.1.1.1,2.2.2.2,6,1629402594.472226,14:cc:20:51:33:ea,70:ee:50:05:10:1c,133.0,6.0,31.0,Gateway,Falso_TV_Smart_Philco
2.2.2.2,1.1.1.1,6,1629402594.691394,70:ee:50:05:10:1c,14:cc:20:51:33:ea,83.0,31.0,6.0,Falso_TV_Smart_Philco,Gateway
1.1.1.1,2.2.2.2,6,1629402594.692108,14:cc:20:51:33:ea,70:ee:50:05:10:1c,133.0,6.0,31.0,Gateway,Falso_TV_Smart_Philco
2.2.2.2,1.1.1.1,6,1629402594.903375,70:ee:50:05:10:1c,14:cc:20:51:33:ea,83.0,31.0,6.0,Falso_TV_Smart_Philco,Gateway
1.1.1.1,2.2.2.2,6,1629402594.904088,14:cc:20:51:33:ea,70:ee:50:05:10:1c,133.0,6.0,31.0,Gateway,Falso_TV_Smart_Philco
2.2.2.2,1.1.1.1,6,1629402595.151496,70:ee:50:05:10:1c,14:cc:20:51:33:ea,83.0,31.0,6.0,Falso_TV_Smart_Philco,Gateway
1.1.1.1,2.2.2.2,6,1629402595.152225,14:cc:20:51:33:ea,70:ee:50:05:10:1c,133.0,6.0,31.0,Gateway,Falso_TV_Smart_Philco
2.2.2.2,1.1.1.1,6,1629402595.395545,70:ee:50:05:10:1c,14:cc:20:51:33:ea,83.0,31.0,6.0,Falso_TV_Smart_Philco,Gateway
1.1.1.1,2.2.2.2,6,1629402595.396287,14:cc:20:51:33:ea,70:ee:50:05:10:1c,133.0,6.0,31.0,Gateway,Falso_TV_Smart_Philco
2.2.2.2,1.1.1.1,6,1629402595.652191,70:ee:50:05:10:1c,14:cc:20:51:33:ea,83.0,31.0,6.0,Falso_TV_Smart_Philco,Gateway
1.1.1.1,2.2.2.2,6,1629402595.653359,14:cc:20:51:33:ea,70:ee:50:05:10:1c,133.0,6.0,31.0,Gateway,Falso_TV_Smart_Philco
2.2.2.2,1.1.1.1,6,1629402595.891518,70:ee:50:05:10:1c,14:cc:20:51:33:ea,83.0,31.0,6.0,Falso_TV_Smart_Philco,Gateway
1.1.1.1,2.2.2.2,6,1629402595.892238,14:cc:20:51:33:ea,70:ee:50:05:10:1c,133.0,6.0,31.0,Gateway,Falso_TV_Smart_Philco
2.2.2.2,1.1.1.1,6,1629402596.095484,70:ee:50:05:10:1c,14:cc:20:51:33:ea,83.0,31.0,6.0,Falso_TV_Smart_Philco,Gateway
1.1.1.1,2.2.2.2,6,1629402596.096219,14:cc:20:51:33:ea,70:ee:50:05:10:1c,133.0,6.0,31.0,Gateway,Falso_TV_Smart_Philco
2.2.2.2,1.1.1.1,6,1629402596.307617,ec:1a:59:2c:a7:b5,14:cc:20:51:33:ea,83.0,3.0,33.0,Falso_Sensor_de_Temperatura,Gateway
1.1.1.1,2.2.2.2,6,1629402596.308465,14:cc:20:51:33:ea,ec:1a:59:2c:a7:b5,133.0,33.0,3.0,Gateway,Falso_Sensor_de_Temperatura
2.2.2.2,1.1.1.1,6,1629402596.536362,ec:1a:59:2c:a7:b5,14:cc:20:51:33:ea,83.0,3.0,33.0,Falso_Sensor_de_Temperatura,Gateway
1.1.1.1,2.2.2.2,6,1629402596.537553,14:cc:20:51:33:ea,ec:1a:59:2c:a7:b5,133.0,33.0,3.0,Gateway,Falso_Sensor_de_Temperatura
2.2.2.2,1.1.1.1,6,1629402596.787471,ec:1a:59:2c:a7:b5,14:cc:20:51:33:ea,83.0,3.0,33.0,Falso_Sensor_de_Temperatura,Gateway
1.1.1.1,2.2.2.2,6,1629402596.788557,14:cc:20:51:33:ea,ec:1a:59:2c:a7:b5,133.0,33.0,3.0,Gateway,Falso_Sensor_de_Temperatura
2.2.2.2,1.1.1.1,6,1629402597.023415,ec:1a:59:2c:a7:b5,14:cc:20:51:33:ea,83.0,3.0,33.0,Falso_Sensor_de_Temperatura,Gateway
1.1.1.1,2.2.2.2,6,1629402597.024154,14:cc:20:51:33:ea,ec:1a:59:2c:a7:b5,133.0,33.0,3.0,Gateway,Falso_Sensor_de_Temperatura
2.2.2.2,1.1.1.1,6,1629402597.223405,ec:1a:59:2c:a7:b5,14:cc:20:51:33:ea,83.0,3.0,33.0,Falso_Sensor_de_Temperatura,Gateway
1.1.1.1,2.2.2.2,6,1629402597.224136,14:cc:20:51:33:ea,ec:1a:59:2c:a7:b5,133.0,33.0,3.0,Gateway,Falso_Sensor_de_Temperatura
2.2.2.2,1.1.1.1,6,1629402597.447489,ec:1a:59:2c:a7:b5,14:cc:20:51:33:ea,83.0,3.0,33.0,Falso_Sensor_de_Temperatura,Gateway
1.1.1.1,2.2.2.2,6,1629402597.448354,14:cc:20:51:33:ea,ec:1a:59:2c:a7:b5,133.0,33.0,3.0,Gateway,Falso_Sensor_de_Temperatura
2.2.2.2,1.1.1.1,6,1629402597.655565,ec:1a:59:2c:a7:b5,14:cc:20:51:33:ea,83.0,3.0,33.0,Falso_Sensor_de_Temperatura,Gateway
1.1.1.1,2.2.2.2,6,1629402597.656349,14:cc:20:51:33:ea,ec:1a:59:2c:a7:b5,133.0,33.0,3.0,Gateway,Falso_Sensor_de_Temperatura
2.2.2.2,1.1.1.1,6,1629402597.903499,ec:1a:59:2c:a7:b5,14:cc:20:51:33:ea,83.0,3.0,33.0,Falso_Sensor_de_Temperatura,Gateway
1.1.1.1,2.2.2.2,6,1629402597.904237,14:cc:20:51:33:ea,ec:1a:59:2c:a7:b5,133.0,33.0,3.0,Gateway,Falso_Sensor_de_Temperatura
2.2.2.2,1.1.1.1,6,1629402598.144316,ec:1a:59:2c:a7:b5,14:cc:20:51:33:ea,83.0,3.0,33.0,Falso_Sensor_de_Temperatura,Gateway
1.1.1.1,2.2.2.2,6,1629402598.145479,14:cc:20:51:33:ea,ec:1a:59:2c:a7:b5,133.0,33.0,3.0,Gateway,Falso_Sensor_de_Temperatura
2.2.2.2,1.1.1.1,6,1629402598.388406,ec:1a:59:2c:a7:b5,14:cc:20:51:33:ea,83.0,3.0,33.0,Falso_Sensor_de_Temperatura,Gateway
1.1.1.1,2.2.2.2,6,1629402598.389651,14:cc:20:51:33:ea,ec:1a:59:2c:a7:b5,133.0,33.0,3.0,Gateway,Falso_Sensor_de_Temperatura
